,PER_nba,TS%_nba,3PAr_nba,FTr_nba,ORB%_nba,DRB%_nba,TRB%_nba,AST%_nba,STL%_nba,BLK%_nba,TOV%_nba,USG%_nba,OWS_nba,DWS_nba,WS_nba,OBPM_nba,DBPM_nba,BPM_nba,FG_nba,FGA_nba,FG%_nba,3P_nba,3PA_nba,3P%_nba,2P_nba,2PA_nba,2P%_nba,eFG%_nba,FT_nba,FTA_nba,FT%_nba,ORB_nba,DRB_nba,TRB_nba,AST_nba,STL_nba,BLK_nba,TOV_nba,PF_nba,PTS_nba
2P%_college,,0.4146681227239871,,,,,,,,,,,,,,,,,,,,,,,,,,0.424559907390524,,,,,,,,,,,,
2P%_nba,,0.8020312105186221,,0.5084639077576579,0.6041153737140051,,0.6228588822249005,,,0.6191667704678414,,,,,,,0.2692329229521435,,,,0.8609330830332518,,,,,,1.0,0.8371172942671747,,,,0.5995903005912807,,,,,0.5459757514237583,,,
2PA_nba,0.7003791016681071,,,,,,,0.4644886856852216,,,,0.8319353630144415,0.594998217962346,0.5531763941081507,0.6578861367167662,0.7042922758741489,,0.575720304629363,0.9333315506191744,0.884582474175532,,,0.4062203883704274,,0.9780604832990464,1.0,,,0.8449676201436637,0.8682763424931633,,,0.5142720529935106,,0.6127893488313264,0.495077260189407,,0.8251068962726699,0.4061231615735896,0.9034698809523839
2P_nba,0.7851819019589459,,,,,,,,,,,0.7652948597407501,0.6628922834158671,0.5952023588834325,0.725692800240183,0.7332117242527357,,0.6308873569263183,0.9112748715294162,0.8197362365991142,,,,,1.0,0.9780604832990464,,,0.8301681771423322,0.8682972877771327,,,0.6023552782831381,0.5583371639816275,0.5266077074063763,0.436145890833325,,0.7706132320805903,0.44600965425127787,0.8709398536985464
3P%_college,,,0.514491140314584,,,,,,,,,,,,,,,,,,,,,0.35141484175691684,,,,,,,0.38322570391422756,,,,,,,,,
3P%_nba,,,0.7230729679007571,,,,,,,,,,,,,,,,,,,0.7017246069022949,0.6796743209522782,1.0,,,,,,,0.6678072049509637,,,,,,,,,
3PA_college,,,0.5881076011526931,,,,,,,,,,,,,,,,,,,0.5779847225922319,0.5802830278004745,0.4197494288698075,,,,,,,0.4151853341100916,,,,,,,,,
3PA_nba,,,0.6807937137277826,,,,,,,,,0.624114676659881,,,,,,,0.6688836107924921,0.7854906102104019,,0.9915984402403307,1.0,0.6796743209522782,,,,,,,0.6412833321719112,,,,0.508472867919947,,,0.5379230859787251,,0.722615527430685
3PAr_college,,,0.6789251319140699,,,,,,,,,,,,,,,,,,,0.5660298283307326,0.5659253430799116,0.48305935400821615,,,,,,,0.42827468919368383,,,,,,,,,
3PAr_nba,,,1.0,,,,,,,,,,,,,,,,,,,0.6809923348129553,0.6807937137277826,0.7230729679007571,,,,,,,0.580254098701164,,,,,,,,,
3P_college,,,0.5823136753755758,,,,,,,,,,,,,,,,,,,0.5720168347759021,0.5665445241696829,0.4186898154068579,,,,,,,0.4097020920295702,,,,,,,,,
3P_nba,,,0.6809923348129553,,,,,,,,,0.5980786865356269,,,,,,,0.6626611558926779,0.7678389510751156,,1.0,0.9915984402403307,0.7017246069022949,,,,,,,0.6601220864424884,,,,,,,0.4974474780087783,,0.7139095705471554
AST%_college,,,0.2180987194583143,,,,,0.7569660243368214,0.4638900883900161,,,,,,,,,,,,,,,0.19085517381090522,,,,,,,,,,,0.640249937776512,,,,,
AST%_nba,,,,,,,,1.0,0.3972803794152936,,0.2640019821314718,0.5075196214839133,,,,,,,,,,,,,,,,,,,,,,,0.9377036958791407,0.5163617904907544,,0.6514270522159628,,
AST_college,,,0.189556127436397,,,,,0.7393528074806694,0.4545563952760809,,,,,,,,,,,,,,,0.15712016794760916,,,,,,,,,,,0.6073710003661109,,,,,
AST_nba,,,,,,,,0.9377036958791407,0.37718130820408063,,0.1978384093194523,0.5796072099472527,,,,0.5108666977652757,,0.4960672176660067,0.6150932453313569,0.6748069238165287,,0.46872776081771894,0.508472867919947,0.21414444358217655,,0.6127893488313264,,,0.6219015037427829,0.5791857580206102,0.30197646553865687,,,,1.0,0.6410710828904351,,0.7933321288151817,,0.6418914744163817
BENCH,,,,,,,,,,,0.19829105440020484,,,,,,,,,,,,,,,,,,,,,,,,,,,,,
BLK%_college,,,,,0.6725737152652436,0.7318867848388367,0.7441071545311309,,,0.8300745220357102,,,,,,,,,,,,,,,,,0.5928529966850669,0.3859395643510419,,,,0.5906129478026493,,,,,0.7233049235039316,,,
BLK%_nba,,,,0.5166961534908313,0.6653928455584018,0.6914122787351575,0.715596087195505,,,1.0,0.24404097513399378,,,,,,0.40385092688426083,,,,0.5893476469068805,,,,,,0.6191667704678414,,,,,0.6033777225288387,,,,,0.901206275688437,,0.3406953316315489,
BLK_college,,,,,0.6968100085745254,0.7232587215050703,0.7486048167887761,,,0.8099106389411375,,,,,,,0.25258054882499265,,,,0.5461321745136416,,,,,,0.5740615054019859,0.3786116776810601,,,,0.6231537756044542,,,,,0.7066489474448236,,,
BLK_nba,,,,0.4854364611284833,,0.5900808331594645,,,,0.901206275688437,,,,,,,0.4368419705864087,,,,0.5403582625321206,,,,,,0.5459757514237583,,,,,0.6302170877507893,0.6015225981725963,0.6532580143514141,,,1.0,,0.48848892338998723,
BPM_college,,,,,,,,,0.26215234409130805,,,,,,,,,,,,,,,,,,,,,,,,,,,,,,,
BPM_nba,0.8289255483219738,0.5456229800411962,,,,,,0.3697182485652358,0.299130596858876,,,0.4216545119989619,0.802021161034088,0.614184297229297,0.8403833364200405,0.8822864889903442,0.3916367441817228,1.0,0.6248230734037189,0.5373456004253698,,,,,0.6308873569263183,0.575720304629363,,0.39515868027744366,0.6696534507989335,0.6540499698018649,,,,,0.4960672176660067,0.5205524547869202,,,,0.6343785467033651
DBPM_college,,,,,,,,,0.3552802062806821,,,,,,,,0.46857230746679046,,,,,,,,,,,,,,,,,,,,,,,
DBPM_nba,,,,,,,,,0.6283479576785445,,0.3898179899687612,,,,,,1.0,,,,,,,,,,,,,,,,,,,0.43410521922737333,,,,
DRB%_college,,,,,,0.6438220771838781,0.6285690905568935,,,0.501078152792491,0.21570352781334512,,,,,,0.2772974984549057,,,,,,,,,,,,,,,,,,,,,,,
DRB%_nba,,,,0.5014953666824968,0.8104974836126984,1.0,0.9705614075977231,,,0.6914122787351575,0.24268650703665162,,,,,,,,,,0.5607896725354449,,,,,,0.5816812698371315,,,,,0.767715337625683,0.6821599578998407,0.7603728902954878,,,0.5900808331594645,,,
DRB_nba,0.5695953301491906,,,0.4465932077592397,,0.6821599578998407,0.6239132917985541,,,,,,,0.726805921080384,0.5611812935513723,,,,,,,,,,0.6023552782831381,0.5142720529935106,,,,,,0.7299696046993734,1.0,0.9662892719220306,,,0.6015225981725963,,0.5734946809148245,
DWS_college,,,,,,,,,0.19509524445842086,,,,,,,,0.27541029992224986,,,,,,,,,,,,,,,,,,,,,,,
DWS_nba,,,,,,,,,0.325205567277927,,,,0.494997815797806,1.0,0.741406205625598,,0.4405517435013852,0.614184297229297,,,,,,,0.5952023588834325,0.5531763941081507,,,0.503922174690365,0.5610048180987312,,,0.726805921080384,0.6647678543274961,,0.6152308108910728,0.4865024004283928,0.5167408383771357,0.4958164075619841,
FG%_college,,0.4454355271595665,,,0.6229407362635211,,0.6235338378545636,,,,,,,,,,,,,,0.6050326662404154,,,,,,0.5554067835172328,0.47112500848673683,,,,,,,,,,,,
FG%_nba,0.6058399433754155,0.7994957711677565,,0.655954787950923,0.7109622970719627,,0.6500214322495972,,,0.5893476469068805,,,0.4289572153921234,,,,,,,,1.0,,,,,,0.8609330830332518,0.8274624586267358,,,,0.7158982741354225,,0.5871705732837679,,,0.5403582625321206,,,
FGA_college,,,0.16724152139191753,,,,,,,,,,,,,,,,,,,,,,,,,,,,,,,,,,,,,
FGA_nba,,,0.13775797115416824,,,,,0.4978073175612117,,,,0.8818258320560804,0.521788195881041,,0.573488140797133,0.7219582121145115,,0.5373456004253698,0.9735095860204747,1.0,,0.7678389510751156,0.7854906102104019,0.3639647883784513,0.8197362365991142,0.884582474175532,,,0.8031125623717588,0.7651399606710461,0.4053632072596425,,,,0.6748069238165287,0.5534549659683602,,0.8334643489902581,,0.9806833492641827
FG_nba,0.6430743960990356,,,,,,,0.42634465680681377,,,,0.8568739251150813,0.6309772463912446,0.5458406787279976,0.6831755462839838,0.7900295519846673,,0.6248230734037189,1.0,0.9735095860204747,,0.6626611558926779,0.6688836107924921,0.26815825253377706,0.9112748715294162,0.9333315506191744,,,0.8345692042173536,0.8176522933080475,0.3245488793374346,,,,0.6150932453313569,0.5100223467468381,,0.8181894461960134,0.35481559339322727,0.9903887502605874
FT%_college,,,0.2611595332596488,,,,,,,,,,,,,,,,,,,,,0.3278182848859814,,,,,,,0.5133341489858713,,,,,,,,,
FT%_nba,,,0.580254098701164,,,,,,,,,,,,,,,,,,,0.6601220864424884,0.6412833321719112,0.6678072049509637,,,,,,,1.0,,,,,,,,,
FTA_nba,0.7365783339917045,,,0.540527135545269,,,,0.40950659426835906,,,,0.7363280586612821,0.7218513560279555,0.5610048180987312,0.7590913237617076,0.7338379544687141,,0.6540499698018649,0.8176522933080475,0.7651399606710461,,,,,0.8682972877771327,0.8682763424931633,,,0.9802434750722575,1.0,,,0.5116774371673485,,0.5791857580206102,0.45255141297104023,,0.7694394635341333,0.36780054097725456,0.8410035726591598
FT_nba,0.7045195955297172,,,0.4442330176999292,,,,0.45324187982115993,,,,0.7646103052714688,0.7483891602571274,0.503922174690365,0.758823339326269,0.7712924432912955,,0.6696534507989335,0.8345692042173536,0.8031125623717588,,0.427048702832384,0.45253211121313597,,0.8301681771423322,0.8449676201436637,,,1.0,0.9802434750722575,0.3074606968298642,,,,0.6219015037427829,0.46111604861590993,,0.7585305656595908,,0.8738618999974436
FTr_college,,,,0.5668323651935153,,,,,,,0.26207363382673343,,,,,,,,,,,,,,,,,,,,,,,,,,,,,
FTr_nba,0.5748878448291002,0.44671148013028533,,1.0,0.5925445153667463,,,,,0.5166961534908313,0.2685122318998193,,,,,,0.2686863779607414,,,,0.655954787950923,,,,,,,,,0.540527135545269,,0.621094513401927,,0.541929223415227,,,,,,
GP,,,,,,,,,,,,,0.5254250478202971,0.6329576200173764,0.6325358039436464,,,,,,,0.40580598151306063,,,,,,,,,,,,,,,,,,
GS,,,,,,,,,,,,0.45620218252976436,0.5934693892384362,0.7188357553430205,0.7161897098077215,0.5318323111576597,,0.5024487734999851,0.7602344573112396,0.7311753810568443,,0.48036639154859295,0.4872285219689749,,0.7040583454572598,0.7122900983546738,,,0.6695804533140162,0.6737932757541486,,,0.5108221803263064,,0.49704177102679675,0.5268978229219274,,0.6746654143697399,0.4746603166955002,0.7569985765883392
HANDL,,,,,,,,,,,,,,,,,0.24701388402754282,,,,,,,,,,,,,,,,,,,,,,,
HGT,,0.40596939551671146,,,0.6790039471471907,0.7392138394945168,0.7494006945041092,,,0.6002844911102638,,,,,,,,,,,0.5741409534570269,,,,,,0.5995802014556871,0.4585914810627011,,,,,,,,,0.48589190957414863,,,
LPVERT,,,0.12440743491669587,,,,,,,,,,,,,,,,,,,,,,,,,,,,,,,,,,,,,
MP,,,0.14674091015221505,,,,,0.43727728709668007,0.21173981388263902,,,0.6225405137626429,0.5277510436486821,0.6352788736201671,0.6352913380161287,0.6228311335444741,,0.5549740808975885,0.878024998408889,0.8931299534424068,,0.6777994154282612,0.6980137476689282,0.317139919141099,0.746714285380012,0.7925078047157699,,,0.741588594091046,0.727474867942355,0.3000239801315179,,,,0.6753308853636616,0.6904458908239611,,0.7995635813442085,0.4008263329206917,0.8859474145094658
MP_per_game,,,,,,,,,0.26526671837710836,,,,,,,,,,,,,,,,,,,,,,,,,,,,,,,
OBPM_college,,,0.1709540196754095,,,,,,,,,,,,,,,,,,,,,,,,,,,,0.3157254926965218,,,,,,,,,
OBPM_nba,0.8448821730215978,0.514534724893292,,,,,,0.3825847806749721,,,,0.6655838715731505,0.8509684887947512,,0.8155881116818069,1.0,,0.8822864889903442,0.7900295519846673,0.7219582121145115,,0.49932995948643577,0.4795051935464876,0.21700157550938062,0.7332117242527357,0.7042922758741489,,,0.7712924432912955,0.7338379544687141,0.40371388090946675,,,,0.5108666977652757,,,0.5204939849445916,,0.8033306851609875
ORB%_college,,,,,0.6958123344521707,0.7177792012423571,0.7409508208657735,,,0.532015236016378,,,,,,,,,,,,,,,,,,,,,,0.6870433162715242,0.5584902340255938,0.6439660606205642,,,,,0.39861859634419083,
ORB%_nba,,,,0.5925445153667463,1.0,0.8104974836126984,0.9272489389131076,,,0.6653928455584018,0.2150763425848526,,,,,,,,,,0.7109622970719627,,,,,,0.6041153737140051,0.394339610025886,,,,0.8849409087398465,,0.6549985291932124,,,0.535218703665094,,,
ORB_college,,,,,0.6935900910763713,0.64882629502537,0.6965433831858406,,,,,,,,,,,,,,,,,,,,,,,,,0.6956070145088066,0.5429324107476864,0.6368858808047179,,,,,0.3452740683615571,
ORB_nba,0.5264811794815445,0.3736382996463113,,0.621094513401927,0.8849409087398465,0.767715337625683,0.8516916824098789,,,0.6033777225288387,,,,,,,,,,,0.7158982741354225,,,,,,0.5995903005912807,0.4191727751966777,,,,1.0,0.7299696046993734,0.8812412646831295,,,0.6302170877507893,,0.43056008103692234,
OWS_nba,0.7991471362177258,0.5739161302161391,,,,,,,,,,,1.0,0.494997815797806,0.9500376333684913,0.8509684887947512,,0.802021161034088,0.6309772463912446,0.521788195881041,,,,,0.6628922834158671,0.594998217962346,,0.42199118630959276,0.7483891602571274,0.7218513560279555,,,,,,,,,,0.6492608626460729
PBHGT,,0.3938698418709598,,0.4752823653685703,0.6822363146086086,0.6813561062488669,0.712049197435888,,,0.6635075467855477,,,,,,,,,,,0.5972153958982552,,,,,,0.5573446146511413,0.44545875612009944,,,,0.6517366004192697,,0.5584466172834146,,,0.6077845297645129,,0.36905404399712144,
PDHGT,,,,0.4503944347576577,,0.6082732896175016,,,,0.5716786733726176,,,,,,,,,,,,,,,,,,,,,,,,,,,0.5355952371066333,,,
PER_nba,1.0,0.5896262098305686,,0.5748878448291002,,,,,,,,0.549541494666997,0.7991471362177258,0.5106249884859358,0.8010793246138221,0.8448821730215978,,0.8289255483219738,0.6430743960990356,,0.6058399433754155,,,,0.7851819019589459,0.7003791016681071,,0.45154872271843255,0.7045195955297172,0.7365783339917045,,,0.5695953301491906,0.5926420870571333,,,,,,0.6188331427483003
PF_college,,,,,,,,,,,0.275233683182679,,,,,,,,,,,,,,,,,,,,,,,,,,,,0.4872730583383696,
PF_nba,,,,,,,,,,,0.35845646639523,,,0.4958164075619841,,,,,,,,,,,,,,,,,,,0.5734946809148245,0.5584360011892086,,,0.48848892338998723,0.5110883724945307,1.0,
PTS_nba,0.6188331427483003,,,,,,,0.44862616083379714,,,,0.8639065434627776,0.6492608626460729,0.5237420907170421,0.689328288312215,0.8033306851609875,,0.6343785467033651,0.9903887502605874,0.9806833492641827,,0.7139095705471554,0.722615527430685,0.3168115553266751,0.8709398536985464,0.9034698809523839,,,0.8738618999974436,0.8410035726591598,0.3974684824777659,,,,0.6418914744163817,0.5207238897433709,,0.8199289411601203,,1.0
STL%_college,,,0.13109223879738555,,,,,0.41501738541873867,0.7115561520175535,,,,,,,,0.2959544616628374,,,,,,,,,,,,,,,,,,,0.660822516966183,,,,
STL%_nba,,,,,,,,0.3972803794152936,1.0,,0.22649440977618565,,,,,,0.6283479576785445,,,,,,,,,,,,,,,,,,,0.8155896461688448,,,,
STL_college,,,0.11730416077030077,,,,,0.4555867273699186,0.70599333950427,,,,,,,,0.2683072503316271,,,,,,,,,,,,,,,,,,,0.6464399826606738,,,,
STL_nba,,,0.11419016534076494,,,,,0.5163617904907544,0.8155896461688448,,,,,0.6152308108910728,,,0.43410521922737333,0.5205524547869202,,0.5534549659683602,,,0.42715236750511865,0.1904304577334113,,,,,0.46111604861590993,,,,,,0.6410710828904351,1.0,,0.6062637229708392,,
STNDRCH,,0.38926037827340604,,,0.6974243183970469,0.7961313658934412,0.7943083826702841,,,0.734808322264625,,,,,,,0.25971945217879067,,,,0.5878575698766639,,,,,,0.6230886128075401,0.4381587883870378,,,,0.6378726753078734,0.49814402091496535,0.5833352428247599,,,0.6321667356941626,,,
TOV%_college,,,,,,,,,,,0.6022648777807932,,,,,,,,,,,,,,,,,,,,,,,,,,,,,
TOV%_nba,,,,,,,,,0.22649440977618565,,1.0,,,,,,0.3898179899687612,,,,,,,,,,,,,,,,,,,,,,0.35845646639523,
TOV_college,,,,,,,,,0.23732210546054192,,0.35173758084205564,,,,,,,,,,,,,,,,,,,,,,,,,,,,,
TOV_nba,,,,,,,,0.6514270522159628,0.22691048185908977,,0.2646579324423859,0.7698250508355693,,0.5167408383771357,,0.5204939849445916,,,0.8181894461960134,0.8334643489902581,,0.4974474780087783,0.5379230859787251,,0.7706132320805903,0.8251068962726699,,,0.7585305656595908,0.7694394635341333,,,,,0.7933321288151817,0.6062637229708392,,1.0,0.5110883724945307,0.8199289411601203
TRB%_college,,,,,0.6383251405234497,0.7206105844035448,0.720374729423581,,,0.5476630991262328,,,,,,,,,,,,,,,,,0.5086825130471363,,,,,0.6094981340012683,0.5545570025618664,0.612284989020607,,,0.5066267891871546,,0.3647710219368017,
TRB%_nba,,,,0.5615440167465785,0.9272489389131076,0.9705614075977231,1.0,,,0.715596087195505,0.2384248811130857,,,,,,,,,,0.6500214322495972,,,,,,0.6228588822249005,,,,,0.8516916824098789,0.6239132917985541,0.7517850346497866,,,0.5962821972044464,,,
TRB_college,,,,,0.5986060522094021,0.5909514024125917,,,,,,,,,,,,,,,,,,,,,,,,,,0.591384529213149,0.5053600368325767,0.571958933234297,,,,,,
TRB_nba,0.5926420870571333,,,0.541929223415227,0.6549985291932124,0.7603728902954878,0.7517850346497866,,,0.5076098731257478,0.20004596757681004,,,0.6647678543274961,0.5385406343024849,,,,,,0.5871705732837679,,,,0.5583371639816275,,0.5165151513915259,,,,,0.8812412646831295,0.9662892719220306,1.0,,,0.6532580143514141,,0.5584360011892086,
TS%_nba,0.5896262098305686,1.0,,0.44671148013028533,,,,,,,,,0.5739161302161391,,,0.514534724893292,,0.5456229800411962,,,0.7994957711677565,,,,,,0.8020312105186221,0.9473106950400734,,,,,,,,,,,,
USG%_nba,0.549541494666997,,,,,,,0.5075196214839133,,,,1.0,,,,0.6655838715731505,,,0.8568739251150813,0.8818258320560804,,0.5980786865356269,0.624114676659881,0.20298595372498823,0.7652948597407501,0.8319353630144415,,,0.7646103052714688,0.7363280586612821,0.3412908795998021,,,,0.5796072099472527,,,0.7698250508355693,,0.8639065434627776
VORP,0.7778577902821517,0.37932543584475376,,,,,,0.4521394986669143,0.2133240583683143,,,0.5581713325077241,0.8825963283346521,0.6644135426242351,0.9203252341635193,0.8611269640093854,,0.8942594365277434,0.7271892180725773,0.6624564800799363,,0.39577048127287384,,,0.7105844959555235,0.6816429909538058,,,0.7942800009978932,0.7653249847336518,0.2973336741640232,,,,0.6122318057954472,0.535801287771343,,0.5975363680159086,,0.7482691036924977
WNGSPN,,0.35865783564699844,,0.4477622265128837,0.69106703469866,0.7917193096713548,0.7887925793406475,,,0.7350298255922952,0.19906308136045134,,,,,,0.28667998049611576,,,,0.5823835106837376,,,,,,0.6419358022328647,0.4090245393241529,,,,0.6282954841928986,0.5204045959174863,0.5958660919346374,,,0.6368291244158566,,,
WS/48,0.838717329655233,0.7830760319522478,,0.5901315038405878,,,,,,,,,0.7703185203739416,,0.756466229512352,0.6789768367323826,0.3366621340233072,0.7857331450178436,,,0.7469668140438454,,,,,,0.6508146060540528,0.676481839166377,,,,,,,,,,,,
WS_nba,0.8010793246138221,0.5212462315742123,,,,,,,,,,0.4283911981719751,0.9500376333684913,0.741406205625598,1.0,0.8155881116818069,,0.8403833364200405,0.6831755462839838,0.573488140797133,,,,,0.725692800240183,0.6578861367167662,,0.38455141549820904,0.758823339326269,0.7590913237617076,,,0.5611812935513723,,,,,,,0.689328288312215
eFG%_college,,0.37926327011893984,,,,,,,,,,,,,,,,,,,,,,,,,,0.42376385053182514,,,,,,,,,,,,
eFG%_nba,,0.9473106950400734,,,,,,,,,,,,,,,,,,,0.8274624586267358,,,,,,0.8371172942671747,1.0,,,,,,,,,,,,
