Player,POS,PER,TS%,3PAr,FTr,ORB%,DRB%,TRB%,AST%,STL%,BLK%,TOV%,USG%,OWS,DWS,WS,WS/48,OBPM,DBPM,BPM,VORP,GP,GS,MP,FG,FGA,FG%,3P,3PA,3P%,2P,2PA,2P%,eFG%,FT,FTA,FT%,ORB,DRB,TRB,AST,STL,BLK,TOV,PF,PTS,Label
J.R. Giddens,SG,0.38,0.21,7.73,8.68,7.55,4.18,0.92,0.06,12.54,12.61,-0.18,0.09,0.08,-0.11,-6.66,-2.6,-9.25,-0.02,,,2,0,3.9,0.31,0.91,0.23,0.04,0.22,0.3,0.7,0.21,0.26,0.03,0.04,0.24,0.36,0.58,0.15,0.13,0.04,0.27,0.44,0.84,23.71,21.0,Bust
Aaron Brooks,PG,12.17,0.51,0.42,0.18,2.36,6.44,4.41,23.29,1.41,0.82,15.34,22.01,0.82,0.62,1.46,0.05,-0.69,-1.24,-1.92,0.18,52,14,19.26,3.11,7.69,0.4,1.11,3.15,0.35,2.0,4.52,0.44,0.48,1.29,1.5,0.83,0.38,1.14,1.51,2.87,0.54,0.14,1.45,1.78,8.64,Bust
Aaron Gordon,PF,15.52,0.56,0.3,0.31,6.53,16.76,11.62,13.95,1.22,1.91,11.68,19.95,2.07,1.7,3.77,0.1,0.5,-0.31,0.19,1.02,59,52,28.74,4.99,10.38,0.48,1.1,3.24,0.33,3.9,7.15,0.55,0.53,2.16,3.16,0.69,1.7,4.37,6.08,2.75,0.71,0.63,1.54,1.92,13.25,Starter
Al Horford,PF,17.8,0.58,0.25,0.17,6.74,20.68,13.78,15.89,1.24,3.03,10.76,18.08,3.58,2.93,6.52,0.15,1.64,1.33,2.95,2.47,63,60,31.37,5.38,10.53,0.51,0.87,2.33,0.36,4.5,8.2,0.55,0.55,1.39,1.84,0.78,1.88,5.84,7.73,3.14,0.78,1.16,1.37,2.07,13.01,Superstar
Al Jefferson,PF-SF,20.06,0.53,0.01,0.24,8.95,24.86,16.82,9.49,1.26,3.26,8.42,24.97,2.66,2.41,5.07,0.13,1.01,-0.16,0.86,1.51,65,46,27.89,6.55,13.09,0.5,0.0,0.08,0.08,6.53,13.04,0.5,0.5,2.13,3.0,0.71,2.15,5.99,8.16,1.43,0.66,1.17,1.26,2.53,15.21,Star
Al-Farouq Aminu,SF,10.78,0.49,0.36,0.28,6.03,21.08,13.52,7.44,2.0,1.78,15.74,14.56,0.48,1.63,2.14,0.05,-2.45,0.76,-1.7,0.48,56,35,23.1,2.37,5.83,0.39,0.66,2.13,0.28,1.72,3.72,0.44,0.44,1.16,1.55,0.75,1.25,4.37,5.64,1.2,0.89,0.49,1.16,1.71,6.54,Role Player
Alan Anderson,SG-SF,9.51,0.52,0.45,0.24,2.56,9.89,6.2,9.25,1.16,0.32,11.16,17.46,0.48,0.46,0.9,0.05,-2.17,-1.0,-3.16,-0.11,41,8,19.04,2.35,5.88,0.4,0.92,2.64,0.34,1.44,3.24,0.45,0.48,1.14,1.42,0.8,0.41,1.56,2.0,1.1,0.44,0.09,0.86,1.79,6.8,Bust
Alec Burks,SG,13.56,0.54,0.39,0.32,2.61,14.13,8.31,12.92,1.5,0.77,10.31,21.59,1.01,0.82,1.83,0.08,-0.37,-0.54,-0.91,0.38,47,10,21.49,3.42,8.33,0.41,1.25,3.27,0.36,2.16,5.06,0.43,0.48,2.28,2.78,0.81,0.51,2.71,3.22,1.86,0.62,0.2,1.07,1.6,10.36,Role Player
Alex Len,C,13.67,0.57,0.12,0.39,10.71,21.59,16.07,8.12,0.98,4.92,19.07,15.43,0.81,0.83,1.66,0.09,-2.71,0.44,-2.24,0.07,48,17,14.82,2.16,4.09,0.53,0.15,0.48,0.28,2.0,3.63,0.56,0.55,1.03,1.57,0.61,1.45,2.98,4.45,0.79,0.3,0.8,0.95,2.08,5.49,Role Player
Amar'e Stoudemire,PF,20.92,0.58,0.01,0.45,9.37,19.51,14.51,6.43,1.19,2.87,12.16,25.45,4.11,1.9,6.01,0.16,1.15,-0.59,0.56,1.43,57,44,28.19,6.23,11.81,0.53,0.02,0.14,0.16,6.22,11.66,0.53,0.53,4.23,5.54,0.76,2.24,4.88,7.12,1.09,0.68,1.09,2.0,2.94,16.74,Star
Andre Drummond,C,21.1,0.55,0.02,0.41,16.41,34.17,25.15,9.21,2.47,3.93,15.19,22.49,1.65,2.97,4.64,0.14,-0.08,0.56,0.47,1.12,57,42,26.21,5.33,9.91,0.54,0.04,0.24,0.1,5.28,9.66,0.55,0.55,2.07,4.0,0.52,3.89,7.9,11.79,1.49,1.29,1.22,2.07,2.94,12.74,Star
Andre Iguodala,SG-SF,14.09,0.55,0.38,0.31,3.33,14.01,8.75,19.21,2.16,1.68,16.73,15.27,2.69,2.62,5.29,0.11,0.11,1.55,1.65,2.17,65,41,30.09,3.68,8.01,0.46,0.82,2.55,0.32,2.85,5.45,0.57,0.52,1.99,2.84,0.67,0.86,3.78,4.64,4.01,1.32,0.54,1.71,1.71,10.17,Star
Andrew Bogut,C-PF,11.68,0.54,0.0,0.21,9.46,25.19,17.26,11.32,1.09,4.16,20.62,14.32,1.19,2.02,3.2,0.11,-4.65,2.14,-2.5,0.99,46,43,24.27,3.42,6.52,0.53,0.0,0.02,0.22,3.42,6.51,0.54,0.54,0.89,1.59,0.56,2.14,5.54,7.69,1.9,0.56,1.31,1.52,2.92,7.71,Role Player
Andris Biedrins,C,12.69,0.55,0.0,0.9,10.35,25.46,17.78,5.22,1.35,3.73,18.88,10.39,1.69,1.4,3.08,0.11,-2.37,0.84,-1.52,0.45,52,31,19.31,2.3,3.88,0.62,0.0,0.0,0.0,2.3,3.88,0.62,0.62,0.6,1.31,0.35,1.98,4.31,6.28,0.82,0.55,0.99,0.82,2.91,5.2,Role Player
Anthony Davis,PF-C,26.19,0.59,0.1,0.4,8.49,25.83,17.25,14.09,1.81,5.65,9.13,28.6,5.13,3.24,8.36,0.2,4.07,1.53,5.6,3.82,56,55,33.99,8.95,17.25,0.52,0.52,1.83,0.25,8.41,15.45,0.55,0.53,5.41,6.9,0.78,2.57,8.05,10.63,2.79,1.27,2.25,2.04,2.26,23.81,Superstar
Anthony Tolliver,PF,8.28,0.5,0.71,0.21,3.99,15.34,9.62,6.05,1.02,1.09,11.11,13.26,0.97,0.62,1.58,0.05,-2.38,-0.66,-3.05,0.16,45,8,17.59,1.78,4.44,0.36,0.99,2.84,0.32,0.78,1.62,0.44,0.47,0.78,1.02,0.74,0.7,2.36,3.08,0.82,0.36,0.26,0.6,1.48,5.3,Bust
Austin Rivers,SG-PG,9.47,0.52,0.46,0.21,1.46,8.41,4.96,13.01,1.48,0.56,11.18,16.51,0.39,0.74,1.13,0.04,-2.58,-0.51,-3.09,-0.35,53,12,23.72,3.04,7.23,0.42,1.12,3.28,0.34,1.89,3.95,0.49,0.49,0.99,1.52,0.65,0.3,1.77,2.07,2.16,0.69,0.16,0.99,2.08,8.14,Role Player
Avery Bradley,SG-PG,9.3,0.5,0.37,0.11,2.24,8.88,5.56,10.48,1.75,0.52,12.23,18.89,-0.13,1.09,0.96,0.02,-3.14,-0.38,-3.53,-0.22,44,37,26.66,4.12,9.66,0.42,1.26,3.52,0.33,2.88,6.14,0.46,0.49,0.83,1.06,0.8,0.54,2.16,2.68,1.82,0.93,0.18,1.34,2.14,10.37,Bust
Ben Gordon,PG-SG,13.69,0.53,0.32,0.25,1.72,8.79,5.19,15.73,1.33,0.45,13.7,25.35,1.75,1.27,3.04,0.06,0.01,-1.27,-1.24,0.79,68,24,26.11,4.92,11.49,0.42,1.45,3.65,0.39,3.48,7.81,0.44,0.49,2.56,3.02,0.85,0.41,1.95,2.35,2.37,0.67,0.15,1.98,2.18,13.89,Role Player
Ben McLemore,SG,9.62,0.54,0.61,0.18,1.94,9.65,5.75,6.45,1.37,0.89,10.78,18.95,0.27,0.58,0.85,0.03,-2.1,-1.24,-3.34,-0.35,55,25,20.17,2.9,7.16,0.4,1.57,4.34,0.36,1.34,2.83,0.48,0.52,0.95,1.25,0.76,0.35,1.72,2.08,0.87,0.55,0.19,0.98,1.97,8.33,Bust
Beno Udrih,PG,13.49,0.53,0.22,0.19,1.86,8.57,5.2,26.86,1.51,0.35,16.94,19.2,1.12,0.72,1.84,0.08,-0.55,-0.76,-1.32,0.25,52,16,19.71,2.89,6.33,0.45,0.49,1.41,0.38,2.37,4.93,0.48,0.5,1.02,1.24,0.84,0.34,1.51,1.84,3.34,0.59,0.07,1.36,1.39,7.31,Role Player
Blake Griffin,PF,18.61,0.55,0.27,0.36,5.93,20.04,13.04,21.34,1.24,1.15,11.75,25.12,3.36,1.83,5.17,0.13,2.06,0.09,2.15,2.1,51,46,30.58,6.43,13.66,0.47,1.0,3.07,0.31,5.43,10.6,0.52,0.51,3.68,5.14,0.72,1.59,5.57,7.16,4.03,0.74,0.41,2.14,2.52,17.52,Star
Bobby Portis,PF,16.85,0.55,0.28,0.15,8.99,24.32,16.72,8.92,1.27,1.41,9.32,22.71,1.38,1.59,2.96,0.1,0.38,-1.27,-0.87,0.48,59,15,23.28,4.95,10.55,0.47,1.18,3.08,0.38,3.76,7.47,0.51,0.52,1.22,1.58,0.77,1.94,5.38,7.29,1.32,0.62,0.38,1.17,2.1,12.29,Starter
Bobby Simmons,SF,9.95,0.46,0.38,0.21,5.58,11.4,8.42,9.54,1.64,0.57,10.15,15.84,1.25,0.76,2.02,0.05,-1.87,-0.69,-2.57,0.36,47,23,20.38,2.5,6.05,0.37,0.63,1.8,0.28,1.88,4.2,0.42,0.42,1.17,1.43,0.79,0.98,2.1,3.06,1.24,0.67,0.15,0.86,2.12,6.82,Bust
Bradley Beal,SG,17.79,0.57,0.33,0.24,2.8,10.27,6.56,20.76,1.53,1.06,11.49,26.93,2.95,1.55,4.5,0.1,2.16,-0.88,1.29,1.84,62,58,34.25,7.89,16.98,0.46,2.08,5.58,0.38,5.81,11.38,0.51,0.53,3.56,4.32,0.81,0.85,3.18,4.03,4.34,1.09,0.42,2.45,2.26,21.42,Star
Brandan Wright,PF,18.53,0.61,0.0,0.29,9.22,15.72,12.41,4.98,1.36,4.94,8.26,15.62,1.41,0.61,2.02,0.16,0.89,0.49,1.4,0.59,33,4,15.14,2.57,4.27,0.6,0.0,0.01,0.0,2.57,4.25,0.6,0.6,0.85,1.29,0.65,1.27,2.06,3.32,0.44,0.42,0.93,0.44,1.35,6.02,Starter
Brandon Bass,PF,14.64,0.55,0.01,0.35,8.28,16.75,12.52,5.51,0.92,2.22,11.41,18.32,1.98,1.59,3.58,0.11,-0.96,-0.38,-1.32,0.43,63,24,19.74,3.04,6.14,0.49,0.01,0.07,0.11,3.02,6.08,0.49,0.49,1.72,2.09,0.81,1.38,2.82,4.18,0.7,0.35,0.57,0.87,1.66,7.82,Starter
Brandon Knight,PG,11.49,0.5,0.5,0.22,1.43,9.68,5.49,20.83,1.34,0.39,14.29,22.57,0.49,0.57,1.07,0.03,-1.33,-1.85,-3.17,0.16,39,29,24.89,4.01,10.1,0.38,1.55,4.56,0.33,2.46,5.55,0.45,0.46,1.87,2.31,0.78,0.35,2.14,2.49,3.38,0.71,0.13,1.93,1.77,11.42,Bust
Brandon Rush,SG-SF,8.66,0.51,0.46,0.16,1.69,11.82,6.8,7.44,0.88,1.78,13.82,14.67,0.34,0.89,1.24,0.03,-2.11,-0.18,-2.27,0.18,53,18,19.48,2.3,5.26,0.42,0.86,2.31,0.32,1.46,2.93,0.46,0.5,0.6,0.84,0.66,0.31,2.12,2.43,0.93,0.38,0.46,0.83,1.33,6.09,Role Player
Brendan Haywood,C,14.19,0.54,0.0,0.54,12.03,18.45,15.23,3.81,0.87,4.88,15.0,14.33,1.89,1.49,3.37,0.1,-1.65,-0.06,-1.71,0.27,60,41,23.23,2.67,5.07,0.52,0.0,0.0,0.0,2.67,5.06,0.52,0.52,1.57,2.71,0.56,2.53,3.68,6.19,0.59,0.39,1.47,1.07,2.41,6.91,Role Player
Brian Cook,PF-SF,8.71,0.46,0.39,0.13,5.31,17.43,11.41,6.29,1.05,2.07,11.94,21.69,0.25,0.44,0.7,0.01,-4.04,-0.98,-5.01,-0.03,36,5,10.29,1.5,3.84,0.37,0.48,1.47,0.31,1.01,2.36,0.39,0.43,0.39,0.49,0.83,0.51,1.51,2.03,0.43,0.24,0.24,0.53,1.47,3.87,Bust
Brian Scalabrine,PF-SF,7.47,0.48,0.35,0.17,4.5,12.57,8.58,10.5,1.33,1.67,18.13,13.4,-0.08,0.77,0.68,0.06,-3.54,0.83,-2.73,-0.1,47,6,11.99,1.05,2.68,0.4,0.29,0.94,0.29,0.75,1.76,0.44,0.45,0.39,0.5,0.75,0.48,1.34,1.79,0.77,0.29,0.23,0.61,1.47,2.81,Bust
Brook Lopez,C,18.8,0.58,0.25,0.29,7.12,14.35,10.79,7.75,0.93,4.96,9.74,22.99,3.16,2.25,5.42,0.13,1.26,-0.03,1.25,1.65,65,63,29.75,6.14,12.31,0.5,0.9,2.57,0.21,5.24,9.74,0.56,0.54,2.91,3.71,0.8,1.92,3.93,5.84,1.36,0.55,1.78,1.52,2.55,16.08,Star
Buddy Hield,SG,13.73,0.57,0.6,0.1,2.77,12.97,7.79,13.23,1.43,0.95,11.12,21.9,1.15,1.14,2.29,0.06,0.93,-1.15,-0.22,0.89,64,38,28.05,5.25,12.18,0.43,2.85,7.26,0.39,2.42,4.91,0.49,0.55,1.09,1.27,0.86,0.71,3.27,3.98,2.54,0.83,0.31,1.6,2.01,14.45,Starter
Cameron Payne,PG,11.99,0.52,0.45,0.13,1.7,10.58,6.13,23.2,1.79,0.96,13.32,20.24,0.41,0.62,1.04,0.06,-1.41,-0.33,-1.72,0.17,39,6,17.7,2.84,6.82,0.41,1.12,3.06,0.36,1.72,3.76,0.46,0.5,0.68,0.84,0.79,0.29,1.72,2.0,2.9,0.64,0.21,1.11,1.71,7.48,Role Player
Caris LeVert,SG,15.23,0.54,0.37,0.24,2.81,11.87,7.36,22.21,1.79,1.3,11.28,23.71,0.9,1.27,2.16,0.08,0.09,-0.24,-0.15,0.59,46,21,28.16,5.61,12.71,0.44,1.54,4.49,0.34,4.08,8.21,0.5,0.51,2.23,2.99,0.74,0.71,3.08,3.8,4.14,1.05,0.42,1.76,1.96,14.98,Starter
Carl Landry,PF,17.24,0.59,0.01,0.43,9.55,15.02,12.28,5.31,0.96,1.27,11.05,20.47,2.63,1.02,3.66,0.14,0.38,-0.84,-0.48,0.52,51,11,23.56,4.32,8.12,0.53,0.02,0.06,0.18,4.3,8.08,0.54,0.54,2.75,3.53,0.78,1.94,2.94,4.89,0.71,0.45,0.42,1.22,2.45,11.41,Starter
Carlos Boozer,PF,19.25,0.55,0.0,0.28,8.85,26.32,17.6,13.25,1.48,0.94,12.58,24.18,3.13,3.05,6.17,0.14,1.15,0.07,1.2,1.78,66,60,31.35,6.8,13.05,0.52,0.0,0.01,0.02,6.8,13.04,0.52,0.52,2.66,3.72,0.72,2.38,7.09,9.48,2.28,0.89,0.39,2.12,3.07,16.27,Star
Carmelo Anthony,SF,19.13,0.54,0.24,0.33,4.97,15.46,10.2,13.83,1.37,1.26,10.0,29.19,3.63,1.91,5.55,0.12,2.38,-1.22,1.15,1.88,64,57,34.4,7.99,17.91,0.44,1.42,3.97,0.35,6.58,13.93,0.47,0.49,4.99,6.1,0.81,1.54,4.72,6.26,2.66,0.94,0.53,2.36,2.84,22.37,Star
Caron Butler,SF-SG,14.07,0.52,0.25,0.25,3.81,13.81,8.75,10.94,2.09,0.64,10.67,21.02,1.54,1.58,3.12,0.08,-0.47,-0.18,-0.66,0.73,56,46,31.06,5.04,11.7,0.43,0.91,2.57,0.33,4.13,9.12,0.45,0.47,2.6,3.08,0.84,1.11,3.71,4.83,2.1,1.27,0.25,1.68,2.35,13.58,Starter
Chandler Parsons,SF,12.49,0.52,0.46,0.16,2.57,13.57,8.04,13.57,1.8,1.04,12.0,18.66,1.94,1.27,3.22,0.07,-0.37,-0.22,-0.59,1.14,49,41,26.09,4.01,9.07,0.42,1.4,3.87,0.35,2.63,5.2,0.47,0.5,1.16,1.6,0.72,0.64,3.17,3.82,2.29,0.88,0.3,1.31,1.77,10.6,Role Player
Channing Frye,PF-C,12.95,0.56,0.47,0.14,4.02,18.56,11.32,7.37,1.15,1.89,9.79,17.4,1.38,1.19,2.55,0.09,-0.51,-0.11,-0.62,0.54,60,28,20.04,2.92,6.64,0.44,1.12,2.93,0.36,1.81,3.71,0.51,0.53,0.81,0.99,0.83,0.72,3.29,4.01,0.94,0.45,0.51,0.77,2.26,7.81,Starter
Charlie Villanueva,PF-SF,15.44,0.51,0.41,0.15,5.95,20.52,13.01,6.72,1.34,2.08,8.49,24.39,1.08,0.96,2.05,0.07,0.41,-1.21,-0.79,0.45,60,15,19.16,3.73,8.66,0.42,1.05,3.16,0.33,2.67,5.52,0.49,0.49,1.1,1.41,0.75,1.1,3.22,4.3,0.76,0.46,0.49,0.91,2.07,9.59,Role Player
Chris Bosh,PF,20.51,0.57,0.08,0.43,6.98,20.71,13.97,9.95,1.22,2.25,10.68,24.72,5.29,2.88,8.15,0.16,2.21,-0.3,1.91,2.41,69,68,35.72,7.02,14.25,0.49,0.39,1.15,0.3,6.61,13.08,0.51,0.51,4.98,6.23,0.8,2.08,6.35,8.44,2.05,0.82,1.02,2.03,2.38,19.39,Superstar
Chris Boucher,PF,13.36,0.52,0.5,0.28,9.16,31.86,21.14,3.61,1.19,5.16,6.34,22.75,1.96,1.29,3.25,0.04,-1.8,-1.28,-3.08,0.7,51,3,14.58,2.61,5.46,0.42,0.78,2.41,0.29,1.84,3.08,0.6,0.49,1.36,1.71,0.79,1.4,2.91,4.31,0.44,0.4,0.81,0.48,1.58,7.34,Role Player
Chris Duhon,PG,10.07,0.52,0.53,0.2,1.42,8.29,4.86,24.89,1.53,0.19,21.04,12.97,1.29,1.5,2.78,0.07,-1.62,0.1,-1.51,0.34,67,35,24.76,2.1,5.38,0.39,1.01,2.81,0.36,1.11,2.57,0.43,0.49,0.91,1.14,0.72,0.32,1.82,2.17,4.26,0.73,0.03,1.48,1.51,6.14,Role Player
Chris Kaman,C-PF,14.75,0.52,0.01,0.24,8.6,23.18,15.94,9.35,0.84,3.45,16.62,22.08,0.03,1.87,1.9,0.05,-1.92,-0.1,-2.05,0.03,57,41,25.56,4.57,9.38,0.49,0.01,0.05,0.03,4.56,9.32,0.49,0.49,1.69,2.28,0.76,1.91,5.32,7.22,1.28,0.42,1.24,2.04,2.55,10.86,Role Player
Chris Paul,PG,23.13,0.58,0.31,0.31,1.96,12.98,7.48,43.5,3.0,0.44,13.64,22.45,7.76,3.0,10.76,0.22,4.36,1.96,6.32,4.94,68,66,33.64,6.02,12.82,0.47,1.4,3.76,0.37,4.61,9.04,0.51,0.52,3.56,4.08,0.87,0.58,3.84,4.42,9.22,2.0,0.18,2.28,2.35,16.96,Superstar
Chris Wilcox,PF-C,14.85,0.57,0.0,0.38,9.37,19.91,14.63,6.24,1.31,1.57,14.39,18.61,1.28,0.87,2.15,0.1,-1.41,-0.55,-1.96,0.09,51,19,18.91,3.19,5.85,0.55,0.0,0.02,0.0,3.19,5.83,0.55,0.55,1.41,2.21,0.62,1.52,3.25,4.78,0.72,0.47,0.37,1.1,2.33,7.75,Role Player
Christian Wood,PF,18.91,0.59,0.29,0.45,7.65,24.86,16.31,6.89,1.16,3.25,11.18,22.74,1.17,0.9,2.1,0.13,0.81,-0.57,0.22,0.64,36,14,18.49,3.96,7.74,0.5,0.86,2.39,0.34,3.11,5.34,0.57,0.55,2.17,3.11,0.7,1.19,4.45,5.62,0.96,0.45,0.76,1.15,1.43,10.97,Starter
CJ McCollum,PG-SG,16.91,0.55,0.4,0.16,2.19,10.33,6.22,19.81,1.45,1.04,9.66,25.88,2.71,1.26,3.96,0.09,2.07,-0.99,1.06,1.63,61,54,31.63,7.44,16.39,0.45,2.56,6.46,0.39,4.89,9.9,0.49,0.53,2.03,2.62,0.77,0.66,3.0,3.66,3.92,0.91,0.38,1.79,2.04,19.46,Star
CJ Watson,PG,12.53,0.52,0.35,0.28,2.11,8.42,5.27,18.65,2.26,0.41,13.9,17.09,1.24,1.16,2.4,0.09,-1.22,0.44,-0.74,0.5,60,10,19.95,2.43,5.88,0.41,0.75,2.08,0.36,1.67,3.8,0.44,0.47,1.37,1.69,0.81,0.36,1.55,1.9,2.48,0.9,0.12,1.11,1.47,7.03,Role Player
Cody Zeller,C-PF,16.05,0.58,0.04,0.49,11.29,20.63,15.88,10.23,1.34,2.27,13.47,16.67,1.72,1.32,3.05,0.14,-1.35,0.25,-1.11,0.37,50,25,19.71,2.89,5.4,0.53,0.05,0.25,0.25,2.84,5.15,0.54,0.53,1.8,2.5,0.72,1.94,3.58,5.49,1.27,0.55,0.54,0.97,2.4,7.62,Starter
Corey Brewer,SF-SG,11.76,0.5,0.29,0.31,4.33,10.89,7.56,10.55,3.07,0.95,12.9,17.23,0.33,1.03,1.35,0.07,-2.67,1.11,-1.55,0.1,50,17,20.5,2.8,6.58,0.43,0.52,1.86,0.26,2.28,4.71,0.5,0.47,1.35,1.89,0.71,0.77,1.9,2.67,1.45,1.22,0.24,1.03,2.1,7.48,Role Player
Cory Joseph,PG,11.79,0.52,0.33,0.21,2.63,10.05,6.33,20.07,1.7,0.89,13.56,15.42,1.08,1.06,2.14,0.08,-1.69,0.27,-1.42,0.27,58,13,20.08,2.49,5.63,0.43,0.59,1.71,0.33,1.9,3.89,0.48,0.49,0.95,1.2,0.77,0.46,1.81,2.29,2.86,0.69,0.22,0.98,1.55,6.53,Role Player
Dahntay Jones,SG-SF,8.84,0.49,0.16,0.42,3.3,9.97,6.66,8.3,1.31,1.2,11.51,18.03,0.15,0.55,0.69,0.04,-3.73,-0.49,-4.22,-0.33,47,12,15.51,1.98,4.72,0.4,0.2,0.71,0.27,1.78,4.01,0.43,0.42,1.23,1.63,0.73,0.44,1.35,1.79,0.84,0.39,0.3,0.67,1.95,5.39,Bust
Damian Jones,C,13.12,0.68,0.08,0.47,8.71,16.32,12.55,5.39,0.92,4.22,17.02,12.53,0.72,0.35,1.08,0.12,-2.74,0.38,-2.36,0.08,28,7,12.53,1.63,2.48,0.64,0.08,0.21,0.28,1.55,2.28,0.66,0.66,0.83,1.16,0.7,0.95,1.92,2.86,0.55,0.27,0.61,0.6,1.78,4.2,Role Player
Damian Lillard,PG,22.27,0.59,0.46,0.35,1.78,11.13,6.48,31.02,1.3,0.68,11.75,29.22,7.55,1.55,9.1,0.17,5.52,-0.97,4.58,4.2,69,69,36.25,8.12,18.53,0.44,3.19,8.58,0.37,4.96,9.93,0.5,0.52,5.95,6.61,0.9,0.58,3.7,4.28,6.82,0.97,0.31,2.84,1.85,25.36,Superstar
Damien Wilkins,SG-SF,10.64,0.5,0.22,0.28,4.49,9.65,7.02,10.31,1.91,0.94,12.28,16.11,0.6,0.64,1.21,0.05,-2.22,-0.2,-2.41,0.01,58,15,17.53,2.14,5.04,0.42,0.36,1.11,0.3,1.78,3.91,0.45,0.45,1.07,1.39,0.75,0.7,1.45,2.13,1.22,0.66,0.22,0.81,1.52,5.65,Role Player
D?Angelo Russell,PG-SG,16.25,0.55,0.5,0.22,1.61,10.79,6.14,31.3,1.68,1.05,14.21,26.49,1.16,1.06,2.21,0.07,1.83,-1.16,0.69,1.03,50,43,29.74,6.19,14.48,0.43,2.58,7.15,0.36,3.59,7.32,0.49,0.52,2.52,3.14,0.8,0.44,2.89,3.33,5.78,1.04,0.36,2.64,1.89,17.49,Starter
Danny Granger,NA,14.14,0.53,0.36,0.29,4.28,12.77,8.57,9.05,1.32,1.72,11.18,22.79,2.3,1.84,4.15,0.09,0.18,-0.33,-0.17,1.48,52,36,27.37,4.73,11.25,0.41,1.46,4.01,0.35,3.25,7.23,0.44,0.48,2.97,3.5,0.84,1.0,3.21,4.18,1.55,0.75,0.64,1.57,2.38,13.86,Starter
Danny Green,SG-SF,11.17,0.53,0.65,0.08,2.95,11.56,7.32,7.61,2.06,2.04,12.02,15.58,0.99,1.92,2.9,0.09,-0.86,1.02,0.17,1.2,50,42,20.53,2.51,6.01,0.39,1.57,3.95,0.37,0.95,2.05,0.43,0.52,0.45,0.56,0.82,0.51,2.21,2.72,1.19,0.84,0.57,0.86,1.55,7.02,Starter
Dante Cunningham,PF,11.32,0.52,0.2,0.15,6.28,14.89,10.55,4.99,1.58,1.86,8.37,13.58,0.85,1.25,2.09,0.08,-1.93,0.13,-1.78,0.05,62,17,20.83,2.54,5.42,0.47,0.34,1.01,0.18,2.21,4.41,0.51,0.51,0.51,0.78,0.66,1.13,2.66,3.8,0.69,0.63,0.47,0.52,1.72,5.96,Role Player
Dante Exum,SG,10.19,0.54,0.37,0.24,2.42,10.71,6.6,17.59,1.25,1.04,18.07,17.08,0.2,0.49,0.7,0.05,-2.57,-0.16,-2.73,-0.13,36,10,16.93,2.17,4.85,0.45,0.61,1.8,0.33,1.58,3.06,0.51,0.51,0.93,1.19,0.75,0.35,1.62,1.96,2.08,0.44,0.2,1.11,1.48,5.86,Bust
Darius Songaila,PF,11.9,0.53,0.01,0.22,6.55,14.27,10.38,9.39,1.59,0.81,14.05,17.45,1.08,0.92,1.99,0.07,-2.72,-0.39,-3.12,-0.01,62,10,17.42,2.72,5.42,0.5,0.0,0.04,0.09,2.72,5.39,0.5,0.5,0.96,1.19,0.81,1.01,2.14,3.16,1.06,0.57,0.21,0.96,2.34,6.41,Role Player
Darko Milicic,PF,8.56,0.44,0.01,0.23,7.1,18.52,12.82,7.51,1.28,4.96,19.81,18.76,-0.26,0.9,0.63,-0.02,-6.25,0.72,-5.52,-0.03,40,16,15.59,2.12,4.64,0.42,0.0,0.01,0.0,2.12,4.61,0.43,0.42,0.62,1.09,0.55,1.05,2.4,3.45,0.79,0.41,1.05,1.1,1.94,4.87,Bust
Darrell Arthur,PF,11.54,0.5,0.2,0.14,6.48,15.16,10.78,7.46,1.84,2.58,12.64,18.56,0.26,1.09,1.39,0.06,-2.69,0.18,-2.51,-0.03,56,12,16.54,2.54,5.72,0.44,0.36,1.0,0.23,2.17,4.72,0.47,0.48,0.64,0.84,0.74,0.99,2.21,3.21,0.8,0.59,0.56,0.82,2.28,6.06,Role Player
Darren Collison,PG,14.75,0.54,0.25,0.26,1.65,8.58,5.15,24.72,1.92,0.39,14.67,18.69,3.12,1.41,4.52,0.1,-0.02,-0.43,-0.44,1.22,65,47,28.09,4.3,9.19,0.45,0.84,2.23,0.35,3.45,6.99,0.5,0.5,2.17,2.57,0.85,0.42,2.14,2.56,4.63,1.07,0.15,1.82,1.73,11.6,Starter
David Lee,PF,19.0,0.58,0.0,0.33,10.58,23.75,17.16,12.79,1.3,1.45,13.6,20.19,3.66,2.0,5.64,0.15,1.11,0.05,1.14,1.42,63,36,26.99,5.09,9.54,0.54,0.0,0.02,0.03,5.09,9.51,0.55,0.54,2.26,2.96,0.76,2.47,5.76,8.19,2.05,0.68,0.42,1.65,2.52,12.48,Star
David West,PF-SF,18.01,0.54,0.02,0.27,7.41,19.13,13.29,14.05,1.47,2.54,12.65,21.99,2.97,2.73,5.73,0.14,0.67,0.89,1.54,1.84,69,49,27.8,5.39,10.91,0.5,0.06,0.2,0.27,5.32,10.73,0.5,0.5,2.43,2.99,0.79,1.71,4.57,6.32,2.13,0.72,0.79,1.59,2.31,13.27,Star
De'Aaron Fox,PG,18.35,0.55,0.28,0.32,2.11,11.29,6.64,29.14,2.03,1.1,12.52,28.23,2.31,1.51,3.83,0.09,1.33,-0.83,0.51,1.4,59,58,33.8,8.05,17.21,0.47,1.58,4.92,0.32,6.47,12.29,0.52,0.51,4.1,5.41,0.76,0.65,3.41,4.07,6.22,1.44,0.41,2.74,2.62,21.82,Starter
DeAndre Jordan,C,17.64,0.65,0.0,0.56,13.07,29.89,21.6,6.66,0.96,4.34,18.09,14.19,2.79,2.34,5.14,0.16,-0.26,0.58,0.31,1.16,58,42,22.97,3.21,4.84,0.66,0.0,0.0,0.16,3.2,4.84,0.66,0.66,1.5,2.89,0.52,2.66,6.41,9.08,1.03,0.46,1.22,1.3,2.22,7.91,Star
Delon Wright,PG,14.43,0.53,0.37,0.26,4.15,10.96,7.56,19.91,2.85,1.48,11.74,14.96,1.14,1.08,2.21,0.11,-0.51,1.73,1.23,0.83,43,8,20.17,2.4,5.51,0.43,0.66,1.93,0.34,1.74,3.57,0.48,0.49,1.12,1.42,0.78,0.76,2.08,2.84,2.94,1.18,0.33,0.82,0.99,6.58,Starter
Delonte West,PG-SG,13.29,0.53,0.29,0.2,2.19,10.55,6.42,21.37,2.11,1.26,16.1,17.96,1.08,1.5,2.57,0.08,-0.51,1.01,0.48,0.91,49,29,25.78,3.44,7.79,0.44,0.8,2.22,0.36,2.62,5.57,0.47,0.49,1.27,1.59,0.8,0.49,2.36,2.82,3.46,1.03,0.42,1.62,1.82,8.96,Starter
DeMar DeRozan,SG-SF,18.82,0.56,0.1,0.4,2.37,12.0,7.18,19.4,1.42,0.79,9.54,26.96,4.93,1.86,6.79,0.12,1.49,-0.74,0.75,1.84,74,73,34.7,7.62,16.26,0.47,0.51,1.71,0.28,7.12,14.56,0.49,0.48,5.54,6.56,0.84,0.69,3.69,4.38,4.12,0.98,0.34,2.02,2.22,21.29,Star
DeMarcus Cousins,C,21.02,0.55,0.23,0.4,9.39,29.1,19.27,17.78,2.3,3.07,15.62,30.12,1.31,2.05,3.36,0.12,0.95,1.09,2.04,1.63,48,38,26.54,6.15,13.43,0.46,0.91,2.69,0.28,5.25,10.74,0.5,0.5,4.25,5.71,0.74,2.16,7.01,9.17,2.85,1.19,0.99,2.87,3.46,17.47,Star
DeMarre Carroll,PF-SF,11.4,0.51,0.3,0.28,5.18,13.43,9.34,10.45,1.54,0.94,9.78,15.52,0.93,0.85,1.79,0.07,-1.33,-0.12,-1.44,0.39,38,20,17.03,2.15,5.06,0.42,0.71,2.02,0.3,1.45,3.04,0.47,0.47,1.08,1.45,0.77,0.83,2.14,2.96,0.99,0.62,0.18,0.65,1.48,6.08,Role Player
Dennis Schroder,PG,13.29,0.53,0.35,0.25,1.66,9.86,5.75,27.88,1.44,0.48,14.86,23.15,0.88,1.33,2.23,0.06,-1.06,-0.96,-2.03,0.15,56,29,27.87,4.91,11.48,0.42,1.38,3.98,0.34,3.53,7.51,0.46,0.48,2.42,2.88,0.83,0.43,2.48,2.89,5.05,0.81,0.16,2.17,2.16,13.6,Role Player
Deron Williams,PG,17.57,0.55,0.32,0.3,1.39,9.61,5.48,39.58,1.51,0.57,16.49,23.42,4.13,1.3,5.44,0.11,2.38,-1.2,1.18,1.98,61,55,33.4,5.54,12.69,0.44,1.4,4.01,0.35,4.14,8.68,0.48,0.49,3.34,4.03,0.82,0.41,2.71,3.14,8.08,0.99,0.24,2.85,2.52,15.82,Star
Derrick Favors,PF,17.75,0.56,0.03,0.34,11.69,21.45,16.57,6.88,1.46,3.83,11.82,18.67,2.38,2.14,4.5,0.14,-0.36,0.51,0.13,0.96,62,38,23.44,4.07,7.64,0.54,0.04,0.2,0.12,4.04,7.43,0.55,0.54,1.71,2.64,0.65,2.36,4.43,6.79,1.0,0.68,1.12,1.19,2.52,9.89,Star
Derrick Rose,PG,16.12,0.52,0.2,0.21,2.71,8.44,5.59,27.29,1.31,0.91,12.78,26.95,1.47,1.04,2.51,0.07,1.06,-1.31,-0.25,1.0,42,28,26.45,5.77,12.93,0.44,0.84,2.56,0.3,4.95,10.36,0.47,0.48,2.47,2.93,0.86,0.64,2.07,2.72,4.32,0.67,0.29,2.11,1.07,14.84,Role Player
Derrick White,PG,15.44,0.58,0.48,0.3,2.31,11.82,7.1,19.48,1.39,2.57,11.37,18.93,2.65,1.84,4.48,0.13,0.93,0.81,1.73,1.67,57,43,27.01,4.2,9.51,0.45,1.72,4.81,0.38,2.49,4.73,0.52,0.54,2.12,2.51,0.84,0.54,2.87,3.42,3.93,0.76,0.83,1.34,2.04,12.24,Star
DeSagana Diop,C,8.78,0.42,0.01,0.31,11.18,18.72,14.96,5.58,1.29,5.34,21.33,10.16,0.02,1.06,1.08,0.04,-4.28,1.15,-3.14,0.04,47,7,13.04,0.82,1.92,0.42,0.0,0.01,0.12,0.82,1.92,0.42,0.42,0.27,0.62,0.35,1.3,2.14,3.43,0.46,0.32,0.9,0.57,1.75,1.89,Bust
Devin Booker,SG,18.91,0.58,0.32,0.33,2.02,11.0,6.51,25.27,1.22,0.71,12.59,30.18,3.84,1.32,5.14,0.11,2.56,-1.45,1.14,1.79,67,65,34.44,8.62,18.54,0.46,2.13,6.02,0.35,6.47,12.53,0.52,0.52,5.3,6.07,0.87,0.64,3.46,4.08,5.26,0.87,0.29,3.04,2.92,24.69,Star
Devin Harris,PG,15.48,0.55,0.35,0.42,1.34,9.02,5.17,25.88,2.09,0.62,14.85,21.37,2.08,1.13,3.2,0.11,0.29,-0.13,0.15,0.89,57,28,25.21,3.71,8.6,0.43,0.9,2.74,0.32,2.8,5.87,0.48,0.49,3.01,3.75,0.8,0.3,1.93,2.23,4.21,1.0,0.19,1.83,2.25,11.34,Starter
Dewayne Dedmon,C,13.01,0.55,0.17,0.4,9.48,26.09,17.7,5.73,1.24,4.16,14.78,16.28,0.54,0.92,1.47,0.09,-3.37,0.35,-3.01,0.07,37,14,14.97,2.11,4.28,0.48,0.29,1.02,0.28,1.84,3.25,0.53,0.51,0.82,1.15,0.69,1.31,3.68,4.97,0.59,0.42,0.73,0.86,2.36,5.37,Bust
Dillon Brooks,SG-SF,10.76,0.52,0.39,0.19,2.89,8.9,5.84,10.14,1.54,0.82,9.79,22.08,0.26,1.59,1.85,0.05,-2.79,-0.8,-3.6,-0.65,62,58,28.3,5.18,12.35,0.42,1.69,4.84,0.35,3.46,7.52,0.46,0.49,1.84,2.3,0.8,0.75,2.33,3.08,1.96,0.91,0.25,1.41,3.25,13.91,Role Player
Dion Waiters,SG,11.88,0.5,0.38,0.18,1.38,10.34,5.92,15.48,1.49,1.38,11.93,24.27,-0.08,0.92,0.83,0.03,-1.06,-0.79,-1.84,-0.08,42,20,26.05,4.74,11.65,0.41,1.44,4.23,0.33,3.32,7.41,0.44,0.47,1.51,2.14,0.65,0.36,2.28,2.61,2.53,0.81,0.36,1.7,1.95,12.48,Role Player
D.J. Augustin,PG,12.7,0.56,0.51,0.3,1.3,7.39,4.32,24.3,1.23,0.12,15.79,18.32,1.82,0.79,2.61,0.08,-0.15,-1.35,-1.49,0.4,54,15,21.85,2.82,6.88,0.4,1.27,3.32,0.37,1.55,3.57,0.43,0.5,1.85,2.12,0.87,0.26,1.46,1.72,3.56,0.55,0.02,1.41,1.28,8.75,Role Player
Donovan Mitchell,SG,20.19,0.57,0.42,0.26,2.72,11.28,7.1,23.78,1.98,0.82,10.99,31.54,3.54,2.95,6.49,0.14,3.46,0.11,3.6,3.15,67,66,33.89,8.79,19.58,0.45,3.05,8.29,0.37,5.76,11.31,0.51,0.53,4.25,5.08,0.84,0.81,3.52,4.34,4.78,1.38,0.31,2.69,2.39,24.94,Superstar
Dorian Finney-Smith,SF,10.12,0.55,0.64,0.13,5.85,11.92,8.85,7.18,1.43,1.43,10.82,13.13,1.2,1.36,2.56,0.07,-1.48,-0.01,-1.48,0.35,55,42,28.19,3.02,7.06,0.42,1.65,4.52,0.36,1.35,2.54,0.54,0.54,0.65,0.9,0.72,1.48,2.99,4.47,1.46,0.82,0.45,0.9,2.2,8.32,Role Player
Doug McDermott,SF,10.59,0.58,0.54,0.13,1.81,9.3,5.55,6.88,0.58,0.38,7.96,16.65,1.14,0.48,1.61,0.07,-0.95,-1.7,-2.66,-0.05,53,6,18.81,2.95,6.37,0.46,1.34,3.27,0.4,1.62,3.11,0.52,0.56,0.68,0.85,0.74,0.35,1.66,1.98,0.92,0.22,0.08,0.57,1.32,7.89,Bust
Draymond Green,PF-SF,13.86,0.53,0.36,0.27,4.26,21.36,13.02,25.39,2.24,2.84,22.72,15.29,1.59,3.38,4.97,0.11,-0.97,2.88,1.91,2.14,68,56,28.82,3.2,7.09,0.45,0.82,2.6,0.31,2.36,4.48,0.52,0.5,1.42,1.98,0.72,1.07,5.85,6.92,5.8,1.35,1.01,2.36,2.88,8.62,Star
Drew Gooden,PF,15.66,0.51,0.06,0.29,10.76,22.18,16.4,7.33,1.28,1.72,12.58,21.89,1.01,1.43,2.43,0.09,-1.02,-0.85,-1.87,0.15,46,29,24.67,4.29,9.23,0.46,0.1,0.39,0.15,4.19,8.86,0.47,0.46,2.18,2.77,0.78,2.35,4.79,7.14,1.09,0.61,0.56,1.53,2.48,10.84,Role Player
Dwight Howard,PF-C,20.69,0.61,0.01,0.76,12.34,29.61,21.09,6.92,1.39,4.19,16.99,21.48,3.65,4.23,7.89,0.17,0.52,0.79,1.33,2.17,69,60,31.1,5.58,9.5,0.6,0.01,0.08,0.18,5.57,9.42,0.6,0.6,4.18,7.38,0.57,3.29,8.26,11.53,1.29,0.87,1.68,2.58,3.16,15.39,Superstar
Dwight Powell,PF,17.62,0.66,0.12,0.54,8.71,16.15,12.38,7.71,2.39,2.06,13.45,16.1,2.59,1.14,3.73,0.17,-0.11,1.43,1.32,0.69,56,20,15.5,2.17,3.62,0.61,0.15,0.53,0.26,2.02,3.11,0.65,0.63,1.37,1.86,0.71,1.32,2.32,3.62,0.89,0.54,0.38,0.61,1.95,5.85,Star
Dwyane Wade,SG-SF,21.94,0.54,0.11,0.39,4.1,12.06,8.15,29.21,2.31,2.03,14.09,30.7,4.04,2.74,6.77,0.14,3.24,0.62,3.86,3.51,62,51,32.66,7.61,15.96,0.47,0.5,1.72,0.28,7.11,14.23,0.5,0.49,4.99,6.54,0.76,1.12,3.41,4.53,5.16,1.47,0.82,3.05,2.17,20.69,Superstar
Earl Watson,PG,11.65,0.49,0.35,0.25,2.75,9.09,5.89,29.39,2.36,0.67,24.57,16.17,0.41,1.05,1.46,0.05,-1.52,0.0,-1.51,0.23,63,16,21.41,2.35,5.7,0.4,0.69,1.94,0.31,1.69,3.77,0.43,0.45,0.95,1.35,0.71,0.49,1.71,2.2,4.25,0.95,0.18,1.73,2.03,6.31,Bust
Ed Davis,PF,15.28,0.57,0.0,0.43,12.49,24.55,18.49,5.85,1.3,3.51,13.38,13.18,2.01,1.46,3.47,0.15,-1.35,0.62,-0.74,0.5,57,10,17.91,2.29,4.11,0.55,0.0,0.0,0.0,2.29,4.11,0.56,0.55,0.96,1.63,0.59,2.02,3.83,5.84,0.7,0.46,0.76,0.68,2.36,5.51,Starter
Eddie House,SG-PG,13.1,0.5,0.39,0.09,1.48,9.38,5.46,15.66,2.1,0.35,9.0,21.37,0.46,0.97,1.43,0.07,-0.31,-0.02,-0.33,0.41,53,2,16.79,2.78,6.81,0.41,1.02,2.63,0.4,1.75,4.18,0.41,0.48,0.53,0.62,0.86,0.22,1.36,1.57,1.5,0.7,0.08,0.73,1.23,7.09,Starter
Eddy Curry,C,10.57,0.57,0.0,0.63,7.41,16.75,11.99,2.81,0.4,1.8,20.96,23.83,1.08,0.87,1.98,0.01,-5.0,-1.71,-6.73,-0.12,48,37,19.26,3.65,6.82,0.56,0.0,0.0,1.0,3.65,6.82,0.56,0.56,2.33,3.77,0.59,1.35,2.58,3.96,0.36,0.18,0.5,1.88,2.68,9.66,Bust
Eduardo Najera,PF-SF,10.76,0.51,0.2,0.27,8.14,14.19,11.13,7.28,2.04,1.44,13.07,13.41,0.83,0.88,1.69,0.08,-2.47,0.51,-1.97,0.14,46,6,16.84,1.79,3.87,0.46,0.19,0.68,0.24,1.59,3.19,0.5,0.49,0.72,1.11,0.61,1.26,2.12,3.36,0.79,0.67,0.33,0.64,2.16,4.49,Role Player
Elfrid Payton,PG,12.54,0.44,0.12,0.19,3.75,12.79,8.2,33.58,2.17,1.25,20.7,19.04,0.24,1.09,1.33,0.02,-2.28,-0.25,-2.53,0.25,47,37,25.46,3.63,8.38,0.41,0.32,1.12,0.26,3.3,7.25,0.43,0.42,1.08,1.74,0.61,0.92,2.98,3.88,5.88,1.12,0.34,2.24,1.94,8.65,Bust
Emeka Okafor,C-PF,16.65,0.53,0.0,0.38,12.01,24.45,18.14,4.71,1.14,4.19,12.52,18.53,1.74,2.77,4.53,0.11,-0.62,-0.07,-0.69,0.69,62,60,29.91,4.65,9.24,0.51,0.0,0.0,0.0,4.65,9.24,0.51,0.51,2.14,3.58,0.6,3.1,6.18,9.28,0.85,0.67,1.59,1.56,2.69,11.44,Starter
Eric Bledsoe,PG,16.54,0.54,0.31,0.33,3.19,11.54,7.39,25.3,2.56,1.5,17.54,23.56,1.81,1.89,3.69,0.09,0.64,0.5,1.14,1.54,59,46,27.93,5.03,11.22,0.44,1.18,3.51,0.33,3.85,7.71,0.5,0.49,2.96,3.75,0.77,0.74,2.99,3.72,4.6,1.41,0.49,2.59,2.03,14.2,Starter
Eric Gordon,SG,13.61,0.57,0.51,0.27,1.19,6.96,4.05,13.95,1.36,1.02,11.74,21.56,1.68,0.66,2.33,0.07,0.43,-1.29,-0.86,0.48,52,38,30.65,5.14,11.94,0.43,2.15,5.87,0.37,2.99,6.05,0.5,0.53,2.69,3.33,0.81,0.34,1.89,2.23,2.71,0.83,0.35,1.8,1.69,15.12,Starter
Ersan Ilyasova,SF,14.4,0.54,0.4,0.21,7.58,18.89,13.24,7.32,1.6,1.25,10.1,19.36,1.58,1.5,3.06,0.11,-0.32,-0.2,-0.53,0.58,52,29,22.86,3.66,8.38,0.43,1.14,3.16,0.36,2.53,5.2,0.48,0.51,1.44,1.86,0.78,1.6,3.92,5.53,1.08,0.71,0.35,1.0,2.36,9.89,Starter
E'Twaun Moore,SG,10.97,0.52,0.33,0.11,2.55,8.23,5.44,12.85,1.65,0.87,11.25,17.42,0.65,0.85,1.48,0.05,-2.03,-0.05,-2.08,0.03,60,19,19.72,3.03,6.68,0.45,0.86,2.24,0.38,2.16,4.42,0.48,0.51,0.53,0.71,0.76,0.46,1.47,1.93,1.66,0.65,0.21,0.86,1.5,7.44,Role Player
Evan Turner,SG,11.4,0.49,0.14,0.21,2.38,16.38,9.34,19.4,1.38,0.87,16.05,19.16,-0.08,1.87,1.8,0.04,-2.37,0.03,-2.33,-0.03,66,29,26.08,3.86,8.96,0.43,0.38,1.29,0.28,3.46,7.67,0.45,0.45,1.54,1.97,0.78,0.56,3.9,4.47,3.3,0.72,0.24,1.81,1.95,9.64,Role Player
Francisco Garcia,SF-SG,11.2,0.52,0.51,0.16,2.17,10.41,6.27,9.75,1.91,2.48,11.28,16.09,0.8,0.8,1.63,0.06,-0.9,0.59,-0.31,0.52,51,13,20.38,2.59,6.22,0.41,1.08,3.03,0.35,1.55,3.2,0.47,0.49,0.84,1.05,0.76,0.41,1.84,2.25,1.29,0.76,0.68,0.86,2.0,7.1,Role Player
Frank Kaminsky,C-PF,15.48,0.57,0.42,0.27,4.56,19.16,11.82,14.44,1.15,1.95,8.5,18.31,0.85,0.81,1.67,0.12,0.76,0.53,1.29,0.39,45,5,16.09,2.64,5.87,0.45,0.81,2.32,0.35,1.82,3.56,0.53,0.53,1.22,1.58,0.79,0.67,2.66,3.32,1.41,0.4,0.34,0.6,1.26,7.28,Starter
Gary Harris,SG,10.58,0.54,0.49,0.18,2.32,6.9,4.58,9.58,1.83,0.85,9.78,16.02,1.15,0.96,2.12,0.06,-1.99,-0.2,-2.2,0.17,51,37,26.67,3.66,8.43,0.42,1.42,3.88,0.35,2.24,4.55,0.49,0.51,1.28,1.61,0.79,0.55,1.65,2.2,1.82,0.99,0.24,0.98,1.72,10.04,Role Player
Gary Payton II,PG,15.48,0.6,0.34,0.13,6.42,14.52,10.47,14.29,3.34,2.02,13.13,15.09,0.47,0.52,1.0,0.13,-1.15,2.41,1.25,0.26,24,4,12.88,1.82,3.46,0.53,0.42,1.2,0.36,1.42,2.28,0.62,0.59,0.26,0.43,0.62,0.75,1.65,2.42,1.18,0.79,0.28,0.59,1.54,4.3,Starter
George Hill,PG,13.81,0.58,0.41,0.28,2.56,9.17,5.93,17.04,1.68,0.8,12.39,16.3,2.1,1.41,3.49,0.12,-0.33,0.49,0.14,0.89,49,25,25.04,3.43,7.39,0.46,1.11,2.91,0.38,2.31,4.48,0.53,0.54,1.64,2.03,0.81,0.57,2.12,2.69,2.88,0.85,0.23,1.13,1.77,9.61,Starter
Georges Niang,PF,10.05,0.55,0.61,0.1,3.05,14.75,8.98,8.74,1.15,0.62,11.28,18.15,0.77,0.96,1.72,0.05,-1.89,-0.8,-2.68,0.05,57,3,15.99,2.51,5.65,0.42,1.48,3.75,0.34,1.02,1.92,0.53,0.54,0.44,0.53,0.83,0.35,2.03,2.37,0.95,0.31,0.14,0.69,1.67,6.93,Role Player
Gerald Green,SF,16.75,0.55,0.39,0.18,6.89,11.64,9.19,7.76,1.21,1.06,10.69,24.19,0.52,0.77,1.3,0.1,1.41,-0.49,0.93,0.14,49,8,17.14,3.18,7.34,0.45,1.17,3.22,0.35,2.01,4.11,0.5,0.52,1.1,1.36,0.81,0.56,1.81,2.37,0.8,0.46,0.25,1.0,1.79,8.6,Role Player
Gerald Henderson,SG-SF,12.91,0.51,0.16,0.32,2.89,11.8,7.28,11.75,1.38,1.15,9.93,20.69,1.08,1.19,2.29,0.06,-1.45,-0.54,-1.99,0.08,67,42,25.18,4.08,9.28,0.43,0.44,1.35,0.29,3.65,7.95,0.45,0.46,2.26,2.85,0.79,0.6,2.52,3.12,1.81,0.65,0.35,1.16,1.7,10.85,Role Player
Gilbert Arenas,SG,16.91,0.52,0.38,0.37,2.12,10.82,6.39,27.61,2.22,0.63,14.75,26.07,2.82,1.17,3.98,0.09,1.5,-0.46,1.04,1.7,48,36,31.95,5.68,14.16,0.4,1.72,5.14,0.33,3.98,9.03,0.44,0.46,4.38,5.56,0.78,0.62,2.98,3.62,5.25,1.35,0.27,2.8,2.84,17.48,Starter
Gordon Hayward,SF,15.28,0.56,0.31,0.31,2.72,13.85,8.27,16.81,1.46,0.97,11.81,20.84,2.61,1.47,4.06,0.1,0.39,-0.22,0.17,1.43,55,42,28.34,4.87,10.6,0.46,1.18,3.19,0.36,3.68,7.39,0.52,0.52,2.79,3.42,0.8,0.72,3.44,4.16,3.27,0.88,0.33,1.71,1.58,13.7,Starter
Gorgui Dieng,C,16.63,0.59,0.3,0.33,8.74,23.1,15.83,10.79,1.89,3.47,14.49,16.98,1.39,1.16,2.56,0.13,-0.19,1.05,0.86,0.62,52,16,17.8,2.51,5.12,0.49,0.49,1.32,0.39,2.03,3.78,0.55,0.54,1.37,1.74,0.79,1.45,3.63,5.08,1.27,0.7,0.76,0.99,1.94,6.88,Starter
Greg Monroe,PF-C,22.3,0.57,0.01,0.37,16.88,20.86,18.8,17.23,1.68,2.17,12.94,22.4,1.62,1.14,2.79,0.17,2.26,-0.31,1.95,0.82,38,22,19.74,3.88,7.28,0.55,0.02,0.02,0.13,3.86,7.24,0.55,0.55,1.74,2.54,0.66,2.3,3.92,6.23,1.76,0.72,0.48,1.34,1.83,9.52,Star
Hakim Warrick,PF-SF,15.68,0.55,0.02,0.57,6.71,14.14,10.39,6.33,1.59,0.99,11.25,21.62,1.28,0.74,2.03,0.1,-0.53,-0.58,-1.12,0.02,52,11,18.35,2.97,6.26,0.47,0.03,0.15,0.1,2.94,6.11,0.48,0.47,2.46,3.34,0.74,1.16,2.33,3.48,0.7,0.44,0.24,1.03,1.55,8.42,Role Player
Harrison Barnes,SF-SG,13.47,0.57,0.37,0.3,3.44,13.27,8.35,8.06,1.04,0.48,8.58,18.57,2.81,1.52,4.34,0.09,0.09,-1.01,-0.92,0.63,71,67,31.65,5.01,10.98,0.46,1.54,3.99,0.38,3.44,6.98,0.5,0.53,2.7,3.31,0.8,0.99,3.85,4.83,1.78,0.66,0.19,1.15,1.49,14.23,Starter
Hassan Whiteside,C-PF,18.74,0.59,0.0,0.4,12.95,29.39,21.22,3.46,0.98,7.04,12.46,18.68,2.59,2.61,5.21,0.16,-2.09,0.89,-1.18,1.45,51,33,20.53,4.3,7.34,0.58,0.01,0.03,0.42,4.28,7.31,0.58,0.58,1.67,2.83,0.57,2.6,6.22,8.79,0.52,0.44,1.86,1.21,2.39,10.27,Starter
Iman Shumpert,PG-SG,8.62,0.47,0.51,0.14,3.69,11.3,7.43,10.17,2.39,0.86,14.08,15.48,0.11,1.0,1.13,0.02,-3.18,0.41,-2.76,0.09,42,22,22.53,2.44,6.31,0.37,0.98,3.06,0.3,1.46,3.28,0.48,0.45,0.67,0.9,0.72,0.66,2.37,3.05,1.68,1.02,0.26,1.09,2.01,6.53,Bust
Isaiah Thomas,PG,14.49,0.52,0.43,0.28,1.74,6.47,4.08,25.63,1.1,0.45,11.78,26.93,2.27,0.43,2.72,0.06,0.5,-2.57,-2.08,0.93,36,20,22.9,4.44,11.01,0.4,1.54,4.71,0.33,2.93,6.29,0.45,0.47,2.98,3.45,0.86,0.41,1.45,1.84,3.7,0.56,0.12,1.86,1.73,13.38,Bust
Jae Crowder,SF,12.11,0.55,0.57,0.21,3.54,14.72,9.21,8.78,1.92,1.1,9.25,15.83,1.23,1.58,2.8,0.1,-0.8,0.49,-0.31,0.66,55,29,23.86,3.05,7.31,0.41,1.47,4.22,0.34,1.57,3.11,0.51,0.51,1.27,1.62,0.78,0.72,3.36,4.06,1.53,0.92,0.32,0.79,1.96,8.84,Starter
Jakob Poeltl,C,19.02,0.63,0.0,0.32,12.97,21.63,17.19,11.69,1.45,4.7,14.7,15.83,2.75,1.79,4.56,0.16,0.25,0.96,1.21,1.15,61,37,23.26,4.25,6.75,0.63,0.0,0.01,0.37,4.25,6.73,0.63,0.63,1.15,2.04,0.56,2.8,4.62,7.41,1.99,0.73,1.25,1.27,2.56,9.68,Star
Jamaal Tinsley,PG,12.1,0.45,0.36,0.19,2.48,9.96,6.21,35.85,2.6,0.73,23.85,18.85,-0.06,1.61,1.57,0.03,-1.25,0.11,-1.14,0.64,50,37,24.79,2.98,7.65,0.38,0.68,2.38,0.26,2.32,5.28,0.45,0.42,1.24,1.72,0.72,0.57,2.18,2.73,5.59,1.29,0.23,2.36,2.24,7.88,Bust
Jamal Crawford,PG-SG,15.68,0.53,0.39,0.24,1.21,6.89,4.03,23.4,1.48,0.52,11.81,23.92,2.06,0.84,2.92,0.09,1.66,-1.4,0.26,0.86,63,23,28.7,5.02,12.15,0.42,1.71,4.76,0.36,3.32,7.41,0.45,0.49,2.7,3.16,0.85,0.34,1.8,2.11,3.46,0.85,0.19,1.81,1.45,14.45,Starter
Jameer Nelson,PG,12.82,0.5,0.41,0.14,2.07,9.77,5.96,29.32,1.67,0.26,17.17,19.78,1.48,1.16,2.64,0.07,-0.53,-0.49,-1.02,0.61,52,35,26.08,3.8,9.03,0.41,1.24,3.58,0.34,2.55,5.45,0.45,0.48,1.12,1.39,0.8,0.47,2.31,2.75,4.87,0.83,0.08,1.94,2.37,9.94,Role Player
James Ennis,SF,12.73,0.56,0.44,0.3,6.63,11.74,9.17,8.1,1.67,1.76,10.65,16.04,0.74,0.53,1.26,0.09,-1.06,-0.34,-1.38,0.07,31,11,16.8,2.19,4.72,0.45,0.78,2.1,0.35,1.4,2.64,0.52,0.52,1.06,1.35,0.74,0.92,1.82,2.74,0.8,0.55,0.29,0.67,1.66,6.22,Role Player
James Harden,SG,23.1,0.61,0.47,0.5,2.43,16.08,9.36,35.44,1.98,1.4,15.98,28.51,6.89,2.58,9.46,0.2,5.19,0.72,5.9,4.58,63,52,35.26,7.04,16.03,0.44,2.72,7.58,0.36,4.32,8.47,0.51,0.52,7.01,8.12,0.86,0.75,5.24,5.99,8.0,1.42,0.58,3.78,2.42,23.82,Superstar
James Johnson,SF-PF,11.95,0.51,0.28,0.24,4.13,15.06,9.61,15.36,2.01,3.74,17.6,18.18,0.33,1.04,1.39,0.05,-2.55,1.37,-1.15,0.45,41,13,18.16,2.65,5.7,0.45,0.47,1.61,0.25,2.18,4.11,0.53,0.49,0.93,1.41,0.62,0.7,2.46,3.17,1.91,0.72,0.8,1.26,2.16,6.7,Role Player
James Jones,SF,10.59,0.56,0.69,0.2,1.79,10.26,6.13,4.86,1.09,1.39,6.19,14.66,1.09,0.71,1.79,0.1,-0.3,-0.26,-0.53,0.39,51,7,13.89,1.49,3.74,0.39,1.0,2.48,0.39,0.51,1.26,0.38,0.52,0.66,0.79,0.8,0.26,1.28,1.55,0.46,0.29,0.27,0.29,1.14,4.64,Role Player
JaMychal Green,PF,13.92,0.58,0.33,0.21,9.89,20.83,15.38,5.81,1.34,2.29,15.33,17.59,0.97,1.18,2.17,0.11,-1.49,-0.13,-1.62,0.12,49,13,17.45,2.63,5.42,0.5,0.71,1.93,0.28,1.92,3.5,0.58,0.56,0.93,1.22,0.79,1.46,3.43,4.88,0.74,0.48,0.4,0.99,2.33,6.88,Role Player
Jannero Pargo,PG,10.44,0.47,0.4,0.08,1.46,7.91,4.66,24.69,1.69,0.41,16.78,23.11,-0.16,0.45,0.28,0.01,-2.04,-1.28,-3.31,-0.06,33,1,14.23,2.27,5.88,0.38,0.79,2.35,0.33,1.46,3.54,0.41,0.45,0.51,0.58,0.89,0.2,0.97,1.18,1.99,0.45,0.08,1.14,1.3,5.84,Bust
Jared Dudley,SF,11.54,0.55,0.45,0.23,4.94,12.49,8.72,9.74,1.81,0.68,12.42,13.22,1.84,1.01,2.84,0.1,-0.81,0.48,-0.32,0.74,61,18,20.37,2.36,5.11,0.44,0.82,2.12,0.38,1.54,3.0,0.47,0.53,0.92,1.27,0.73,0.88,2.12,2.99,1.37,0.74,0.17,0.76,1.71,6.47,Starter
Jared Jeffries,PF,9.1,0.45,0.11,0.38,10.17,11.63,10.88,8.39,1.79,1.94,17.39,12.17,0.26,0.79,1.06,0.04,-2.9,0.17,-2.72,-0.09,49,25,19.73,1.6,3.8,0.41,0.12,0.45,0.22,1.49,3.37,0.43,0.42,0.83,1.44,0.55,1.73,1.96,3.68,1.13,0.68,0.53,0.93,2.29,4.17,Bust
Jarrett Allen,C,20.49,0.67,0.03,0.51,11.45,24.84,18.22,8.64,1.07,4.0,13.29,16.58,4.63,2.68,7.31,0.19,1.4,0.71,2.11,1.91,63,55,28.39,4.99,7.78,0.64,0.04,0.21,0.14,4.95,7.59,0.65,0.64,2.73,3.86,0.72,2.94,6.52,9.45,1.67,0.63,1.29,1.43,1.88,12.78,Superstar
Jarrett Jack,PG,13.61,0.55,0.23,0.33,1.28,10.23,5.73,26.05,1.62,0.32,18.29,19.59,1.66,0.93,2.62,0.07,-0.53,-0.52,-1.04,0.47,63,28,26.8,3.7,8.5,0.45,0.64,1.95,0.3,3.07,6.55,0.5,0.48,2.27,2.62,0.86,0.31,2.42,2.74,4.48,0.82,0.11,1.99,1.83,10.31,Role Player
Jarron Collins,C-PF,6.4,0.47,0.0,0.61,11.08,10.88,11.04,5.88,0.74,0.71,17.18,11.42,0.85,0.46,1.3,0.04,-4.33,-1.25,-5.58,-0.23,48,18,13.07,0.98,2.27,0.4,0.0,0.0,0.0,0.98,2.27,0.4,0.4,1.04,1.48,0.67,1.07,1.31,2.36,0.57,0.2,0.12,0.54,2.04,3.0,Bust
Jason Collins,PF-C,4.99,0.45,0.02,0.57,6.38,12.69,9.52,4.9,1.32,1.89,20.98,9.38,-0.0,1.21,1.21,0.04,-5.95,0.62,-5.32,-0.49,50,30,16.31,0.91,2.25,0.39,0.0,0.02,0.19,0.9,2.22,0.4,0.39,0.75,1.19,0.59,0.94,1.87,2.81,0.6,0.41,0.4,0.64,2.44,2.59,Bust
Jason Hart,PG,9.81,0.53,0.09,0.2,1.91,9.88,5.87,22.81,2.81,0.85,25.05,14.86,0.19,0.47,0.65,0.03,-4.07,1.69,-2.36,0.05,28,5,12.05,1.3,3.0,0.48,0.09,0.37,0.2,1.2,2.65,0.5,0.49,0.62,0.74,0.82,0.2,1.07,1.27,1.71,0.61,0.09,0.79,1.25,3.28,Bust
Jason Kapono,SG-SF,8.78,0.5,0.36,0.11,2.33,8.33,5.34,6.89,1.01,0.27,9.5,16.24,0.64,0.49,1.14,0.04,-2.18,-1.19,-3.36,-0.16,57,10,15.76,2.2,5.06,0.41,0.76,1.81,0.39,1.43,3.24,0.43,0.48,0.46,0.53,0.8,0.29,1.16,1.46,0.71,0.31,0.03,0.56,1.34,5.64,Bust
Jason Maxiell,PF,11.98,0.5,0.0,0.46,10.14,15.37,12.71,3.5,1.15,3.29,12.69,16.24,0.79,1.22,2.03,0.07,-2.84,-0.48,-3.3,-0.16,62,19,17.28,2.09,4.27,0.48,0.0,0.0,0.0,2.09,4.26,0.48,0.48,1.02,1.83,0.53,1.55,2.29,3.83,0.4,0.35,0.73,0.75,1.79,5.19,Bust
Jason Richardson,SF-SG,15.79,0.53,0.37,0.19,3.72,12.21,7.96,12.74,1.74,0.84,9.04,22.73,2.62,1.61,4.22,0.1,1.43,-0.38,1.05,1.66,59,58,33.2,6.22,14.18,0.44,1.92,5.12,0.37,4.29,9.07,0.47,0.51,2.05,2.86,0.71,1.11,3.57,4.66,2.44,1.13,0.38,1.56,2.19,16.41,Starter
Jason Smith,PF,11.38,0.5,0.22,0.22,8.14,16.84,12.48,7.2,1.01,3.26,13.36,19.05,0.36,0.68,1.02,0.05,-3.22,-0.71,-3.92,-0.16,45,8,14.69,2.23,5.01,0.42,0.25,0.78,0.25,1.99,4.24,0.42,0.46,0.85,1.06,0.82,1.03,2.15,3.16,0.69,0.29,0.57,0.78,2.0,5.54,Bust
JaVale McGee,C-PF,18.0,0.57,0.02,0.3,11.91,22.16,17.01,4.59,1.05,6.58,14.36,20.85,1.05,1.19,2.24,0.11,-1.64,0.31,-1.32,0.35,47,18,15.59,3.1,5.59,0.56,0.01,0.1,0.2,3.09,5.49,0.57,0.56,0.97,1.64,0.61,1.68,3.09,4.76,0.42,0.33,1.3,1.03,2.09,7.2,Role Player
Jaylen Brown,SG-SF,16.51,0.57,0.35,0.26,3.61,15.09,9.42,13.56,1.62,1.1,11.38,26.19,1.79,2.71,4.51,0.1,0.39,-0.27,0.12,1.2,67,55,31.06,7.29,15.22,0.48,1.94,5.41,0.36,5.34,9.83,0.54,0.54,2.88,3.94,0.72,1.02,4.39,5.4,2.71,1.02,0.39,2.17,2.53,19.39,Star
Jeff Green,SF,13.14,0.56,0.34,0.3,3.28,12.71,8.03,8.24,1.12,1.44,10.01,19.37,1.43,1.41,2.84,0.09,-0.63,-0.61,-1.24,0.28,60,33,26.78,4.24,9.45,0.46,1.0,3.02,0.33,3.25,6.43,0.53,0.51,2.22,2.78,0.8,0.79,3.08,3.87,1.43,0.62,0.47,1.21,2.07,11.73,Role Player
Jeff Teague,PG,15.33,0.55,0.24,0.35,1.51,8.74,5.14,29.25,1.98,1.11,16.48,20.76,2.12,1.39,3.54,0.1,0.01,-0.42,-0.43,0.9,59,39,25.08,3.86,8.74,0.44,0.8,2.17,0.36,3.08,6.57,0.46,0.48,2.56,3.02,0.84,0.34,1.92,2.28,5.06,0.99,0.32,1.98,1.72,11.08,Starter
Jerami Grant,SF,12.65,0.55,0.34,0.41,2.88,12.69,7.67,8.05,1.09,3.61,10.28,19.6,1.56,1.48,3.05,0.07,-1.09,-0.08,-1.18,0.62,61,34,27.24,4.36,9.94,0.44,1.25,3.5,0.33,3.12,6.45,0.49,0.5,2.85,3.85,0.71,0.73,3.04,3.75,1.51,0.62,1.09,1.29,2.27,12.79,Role Player
Jeremy Lamb,SG,14.69,0.54,0.4,0.24,2.95,15.69,9.31,11.24,1.61,1.63,8.14,21.02,1.21,1.12,2.33,0.1,-0.03,-0.07,-0.12,0.68,52,11,19.2,3.28,7.63,0.42,1.0,2.96,0.33,2.28,4.69,0.48,0.49,1.57,1.82,0.86,0.5,2.82,3.32,1.47,0.66,0.38,0.76,1.47,9.12,Starter
Jerryd Bayless,PG-SG,11.59,0.51,0.32,0.29,1.83,9.99,5.89,22.3,1.39,0.41,15.25,20.97,0.77,0.76,1.52,0.05,-1.49,-0.88,-2.37,0.09,49,9,21.3,2.98,7.41,0.4,0.87,2.41,0.34,2.11,4.99,0.42,0.46,1.69,2.05,0.8,0.35,1.83,2.17,2.95,0.58,0.12,1.48,1.99,8.49,Bust
Jimmy Butler,SF,21.42,0.59,0.19,0.54,6.01,11.94,8.99,20.93,2.43,1.19,9.29,22.3,5.45,2.33,7.79,0.2,3.44,1.29,4.72,3.15,55,49,32.73,5.93,12.47,0.47,0.8,2.44,0.32,5.13,10.06,0.51,0.5,5.59,6.63,0.83,1.73,3.58,5.3,4.45,1.63,0.45,1.56,1.36,18.24,Superstar
JJ Redick,SG,13.65,0.59,0.54,0.25,0.82,8.06,4.51,12.35,0.85,0.29,10.25,20.16,2.76,0.87,3.63,0.11,0.88,-1.2,-0.32,0.88,56,26,23.96,3.92,8.92,0.43,1.92,4.74,0.4,2.02,4.19,0.47,0.54,1.98,2.21,0.89,0.17,1.73,1.89,1.96,0.42,0.09,1.09,1.44,11.73,Starter
Joakim Noah,PF,16.64,0.54,0.0,0.47,13.22,23.69,18.49,16.05,1.52,3.48,19.53,15.84,2.12,2.65,4.76,0.14,-0.42,2.02,1.6,1.61,52,39,24.39,2.9,5.92,0.49,0.0,0.01,0.0,2.9,5.88,0.49,0.49,1.8,2.61,0.66,2.85,5.22,8.07,2.57,0.69,1.12,1.56,2.57,7.58,Star
Jodie Meeks,SG,12.85,0.55,0.51,0.21,1.43,10.65,5.97,8.62,1.4,0.31,7.61,18.71,1.29,0.81,2.09,0.1,-0.37,-0.66,-1.04,0.35,50,17,19.18,2.76,6.62,0.41,1.28,3.37,0.37,1.48,3.24,0.46,0.51,1.32,1.5,0.88,0.24,1.66,1.91,1.02,0.58,0.08,0.63,1.03,8.12,Starter
Joe Harris,SG,9.7,0.58,0.68,0.1,1.87,11.54,6.78,9.54,0.82,0.56,12.27,15.36,1.53,0.76,2.31,0.06,-1.43,-0.83,-2.26,0.41,50,28,21.33,3.12,6.68,0.43,1.77,4.14,0.4,1.34,2.55,0.51,0.57,0.57,0.74,0.72,0.42,2.21,2.62,1.29,0.41,0.15,0.9,1.77,8.59,Role Player
Joe Ingles,SF,11.12,0.57,0.68,0.11,1.52,11.85,6.79,20.85,1.7,0.42,19.03,14.09,1.85,1.95,3.81,0.1,-1.03,1.04,0.0,1.19,66,29,22.87,2.6,5.86,0.43,1.6,3.98,0.39,0.99,1.89,0.51,0.56,0.58,0.74,0.78,0.3,2.55,2.85,3.42,0.78,0.12,1.36,1.67,7.37,Starter
Joe Johnson,SF-SG,15.0,0.54,0.3,0.16,2.56,10.4,6.5,16.94,1.17,0.44,10.95,20.68,2.48,1.26,3.74,0.09,1.03,-0.65,0.38,1.12,62,52,31.3,5.3,11.96,0.46,1.33,3.64,0.35,3.98,8.32,0.5,0.51,1.77,2.2,0.81,0.74,2.89,3.61,3.41,0.76,0.18,1.68,1.62,13.7,Starter
John Collins,PF,19.12,0.63,0.25,0.28,8.32,21.95,15.14,8.19,1.04,3.08,10.81,21.09,3.44,1.46,4.9,0.14,1.32,-0.51,0.8,1.14,59,51,29.49,6.42,11.78,0.55,1.1,2.99,0.36,5.34,8.79,0.61,0.59,2.61,3.28,0.79,2.25,5.94,8.2,1.51,0.64,1.02,1.59,3.06,16.58,Star
John Henson,PF,17.18,0.57,0.11,0.3,9.99,21.36,15.71,9.83,1.47,6.07,14.81,17.94,1.01,1.19,2.2,0.12,-1.02,1.12,0.12,0.37,48,17,17.97,2.96,5.44,0.54,0.14,0.48,0.15,2.82,4.98,0.58,0.56,0.92,1.64,0.55,1.59,3.38,4.98,1.13,0.51,1.29,1.06,2.09,6.97,Starter
John Lucas III,PG,9.48,0.4,0.35,0.14,1.65,4.76,3.2,19.66,2.45,0.02,8.11,19.82,0.15,0.26,0.43,0.01,-2.21,-0.03,-2.26,0.08,30,1,9.81,1.44,3.81,0.36,0.44,1.42,0.23,1.0,2.4,0.42,0.4,0.2,0.39,0.67,0.18,0.5,0.69,1.26,0.34,0.0,0.42,0.61,3.54,Bust
John Salmons,SF-SG,11.63,0.52,0.32,0.25,2.01,10.32,6.13,13.94,1.63,0.82,12.6,16.58,1.35,1.19,2.54,0.07,-1.03,0.18,-0.83,0.57,60,30,27.4,3.64,8.39,0.42,0.95,2.52,0.36,2.69,5.88,0.44,0.48,1.86,2.3,0.78,0.47,2.46,2.91,2.39,0.86,0.27,1.3,1.87,10.09,Role Player
John Wall,PG,18.44,0.51,0.21,0.35,1.81,11.48,6.59,41.08,2.21,1.69,16.97,27.94,1.83,2.22,4.04,0.08,2.07,-0.24,1.85,2.2,59,55,34.07,6.67,15.57,0.43,1.05,3.3,0.3,5.62,12.26,0.46,0.46,4.09,5.34,0.76,0.55,3.47,4.01,8.55,1.52,0.72,3.65,2.1,18.47,Star
Jon Leuer,PF,12.82,0.53,0.12,0.24,7.08,19.0,12.91,7.09,1.32,1.08,11.5,17.45,0.65,0.69,1.33,0.09,-1.92,-0.2,-2.16,0.19,40,8,13.16,2.02,4.27,0.49,0.2,0.66,0.2,1.83,3.61,0.52,0.5,0.71,0.98,0.68,0.82,2.24,3.05,0.62,0.3,0.2,0.62,1.4,4.95,Role Player
Jordan Clarkson,PG,15.75,0.54,0.4,0.2,3.31,9.57,6.45,17.4,1.43,0.53,11.02,26.14,1.27,0.76,2.03,0.06,1.11,-1.61,-0.51,0.51,60,16,26.54,5.77,13.17,0.44,1.85,5.39,0.34,3.93,7.79,0.51,0.51,2.19,2.65,0.83,0.81,2.34,3.15,2.84,0.76,0.16,1.79,1.6,15.59,Role Player
Jordan Farmar,PG,13.24,0.52,0.49,0.13,1.96,8.7,5.34,24.72,2.14,0.44,16.48,19.69,0.6,0.78,1.38,0.06,0.15,-0.56,-0.41,0.36,50,4,19.66,2.86,6.9,0.41,1.27,3.29,0.38,1.6,3.63,0.42,0.51,0.72,0.92,0.78,0.33,1.51,1.86,3.12,0.82,0.12,1.43,1.37,7.7,Role Player
Jordan Hill,PF-C,15.32,0.52,0.01,0.28,14.41,20.96,17.64,5.21,1.22,2.78,13.62,19.3,0.82,0.76,1.59,0.1,-1.97,-1.18,-3.14,-0.01,41,11,15.58,2.6,5.28,0.49,0.0,0.05,0.03,2.6,5.25,0.49,0.49,1.03,1.5,0.7,1.91,2.98,4.89,0.56,0.36,0.59,0.89,1.95,6.23,Bust
Josh Childress,SG-SF,12.5,0.54,0.13,0.29,6.92,12.89,9.86,9.26,1.68,1.19,21.86,12.24,2.48,0.75,3.22,0.09,-0.31,-0.06,-0.38,0.91,49,9,21.36,2.58,5.01,0.49,0.2,0.62,0.28,2.39,4.4,0.52,0.51,1.38,1.79,0.6,1.41,2.3,3.74,1.27,0.69,0.36,0.86,1.44,6.72,Role Player
Josh Hart,SG-SF,14.04,0.59,0.43,0.29,4.58,20.28,12.37,14.87,1.7,0.93,13.82,15.22,2.12,1.78,3.92,0.11,-0.17,0.8,0.62,1.1,55,33,30.83,4.1,8.42,0.49,1.28,3.6,0.36,2.84,4.81,0.58,0.56,1.85,2.46,0.75,1.31,5.68,6.98,3.38,1.08,0.33,1.54,2.45,11.31,Star
Josh Howard,SF-SG,14.93,0.5,0.18,0.3,5.67,14.4,10.05,8.38,1.8,1.26,9.43,23.17,1.71,1.56,3.25,0.09,-0.51,-0.41,-0.92,0.8,45,35,27.67,4.9,11.32,0.43,0.64,2.06,0.31,4.27,9.26,0.46,0.46,2.63,3.5,0.74,1.38,3.5,4.89,1.42,0.94,0.46,1.3,2.5,13.09,Role Player
Josh McRoberts,PF,11.03,0.49,0.29,0.19,6.39,16.85,11.63,14.09,1.38,1.48,14.64,14.08,0.82,0.76,1.59,0.07,-2.49,0.38,-2.12,0.36,38,15,16.38,1.79,3.92,0.43,0.34,1.03,0.26,1.46,2.87,0.51,0.47,0.62,0.85,0.69,0.94,2.45,3.38,1.68,0.44,0.35,0.8,1.68,4.52,Bust
Josh Smith,SG-SF,15.17,0.47,0.18,0.29,8.04,18.68,13.28,15.94,1.82,4.15,14.23,23.12,0.38,2.76,3.14,0.06,-0.97,0.82,-0.15,1.68,61,48,28.28,4.89,11.13,0.42,0.54,1.86,0.26,4.34,9.26,0.45,0.45,2.12,3.46,0.6,1.72,4.75,6.47,2.81,1.05,1.61,2.19,2.57,12.45,Starter
Jrue Holiday,PG-SG,17.06,0.55,0.31,0.17,3.22,10.56,6.92,29.59,2.17,1.29,15.16,22.64,2.44,2.22,4.66,0.1,1.42,0.16,1.59,1.94,65,60,32.87,6.19,13.43,0.46,1.52,4.09,0.37,4.69,9.34,0.5,0.52,1.88,2.37,0.8,0.96,3.21,4.17,6.27,1.44,0.52,2.56,2.15,15.79,Star
Julius Randle,PF,15.74,0.53,0.21,0.4,6.15,22.06,14.03,17.62,0.95,0.99,14.91,25.56,2.21,2.27,4.49,0.07,0.2,-0.76,-0.56,1.55,65,57,30.63,6.45,13.78,0.46,1.13,3.38,0.31,5.32,10.42,0.5,0.5,3.74,5.14,0.68,1.81,6.52,8.33,3.55,0.62,0.35,2.67,2.83,17.77,Starter
Justise Winslow,SF,10.45,0.46,0.25,0.21,5.31,17.97,11.66,15.55,1.8,1.75,14.27,18.34,-0.31,1.22,0.91,0.03,-3.2,0.62,-2.57,-0.01,39,14,25.18,3.32,8.32,0.41,0.57,2.1,0.26,2.78,6.26,0.45,0.44,1.08,1.73,0.63,1.17,3.97,5.14,2.71,0.9,0.44,1.45,2.3,8.32,Bust
Kawhi Leonard,SF,23.1,0.6,0.29,0.29,4.25,17.85,11.23,15.99,2.8,1.74,9.25,25.6,4.76,3.14,7.9,0.21,4.38,2.07,6.48,3.83,56,54,31.25,7.27,14.62,0.5,1.61,4.15,0.39,5.67,10.45,0.54,0.55,3.82,4.48,0.84,1.14,5.11,6.25,3.05,1.72,0.66,1.68,1.62,19.96,Superstar
Keith Bogans,SG,9.48,0.54,0.59,0.24,2.99,11.58,7.25,8.98,1.58,0.29,12.13,14.28,0.57,1.13,1.69,0.07,-1.79,0.05,-1.74,0.18,54,25,21.03,2.11,5.41,0.4,0.98,2.85,0.35,1.13,2.57,0.46,0.5,0.94,1.3,0.74,0.59,2.13,2.7,1.23,0.65,0.09,0.83,1.85,6.14,Role Player
Kelly Olynyk,PF-C,16.01,0.61,0.4,0.31,6.14,19.36,12.71,18.33,1.81,1.83,16.67,19.28,1.75,1.48,3.21,0.12,0.05,0.79,0.83,0.92,55,22,22.99,3.74,7.58,0.49,1.13,3.04,0.38,2.63,4.52,0.58,0.57,1.88,2.34,0.8,1.29,4.05,5.34,2.82,0.86,0.47,1.71,2.88,10.49,Star
Kelly Oubre,SF-SG,13.25,0.54,0.41,0.26,4.23,14.85,9.48,6.05,1.88,1.72,8.83,21.29,0.73,1.51,2.25,0.06,-1.32,-0.66,-1.98,0.09,60,28,27.55,5.05,11.46,0.44,1.53,4.74,0.32,3.51,6.73,0.52,0.5,2.28,3.02,0.75,1.08,3.63,4.72,1.15,1.07,0.57,1.18,2.64,13.89,Role Player
Kemba Walker,PG,18.26,0.54,0.41,0.28,1.85,11.02,6.38,26.68,1.73,0.97,10.17,26.11,3.21,1.78,5.0,0.11,2.75,-0.42,2.31,2.48,62,58,31.33,6.21,14.87,0.41,2.12,5.96,0.34,4.08,8.89,0.46,0.48,3.47,4.13,0.84,0.52,3.07,3.6,4.9,1.12,0.36,1.91,1.44,17.99,Star
Kenneth Faried,PF,20.12,0.59,0.03,0.4,14.36,23.06,18.68,5.77,1.35,2.66,11.28,19.59,2.75,1.42,4.16,0.17,1.21,-0.95,0.25,0.78,52,40,22.04,4.21,7.57,0.56,0.06,0.21,0.19,4.16,7.35,0.57,0.56,1.95,2.99,0.66,2.84,4.58,7.42,0.83,0.63,0.74,1.15,2.26,10.44,Starter
Kentavious Caldwell-Pope,SG,11.52,0.56,0.5,0.2,2.1,8.85,5.45,8.54,1.94,0.83,9.12,16.09,1.85,2.2,4.02,0.09,-1.42,0.46,-0.97,0.61,76,64,29.66,3.98,9.28,0.43,1.68,4.59,0.37,2.28,4.7,0.49,0.52,1.52,1.84,0.82,0.58,2.4,2.98,1.82,1.15,0.3,1.02,1.87,11.12,Starter
Kenyon Martin Jr.,SF-PF,13.66,0.51,0.03,0.31,6.95,19.02,13.02,9.16,1.91,2.87,13.03,18.27,0.8,2.4,3.23,0.09,-1.71,1.02,-0.69,0.81,50,44,28.39,4.49,9.21,0.49,0.06,0.33,0.18,4.41,8.91,0.5,0.49,1.67,2.95,0.6,1.71,4.8,6.51,1.61,1.02,0.99,1.59,3.25,10.73,Starter
Kevin Durant,SF-PF,25.01,0.63,0.28,0.39,1.91,18.83,10.68,21.34,1.31,2.65,12.67,29.95,6.83,2.75,9.59,0.2,5.97,0.72,6.68,4.83,62,61,36.24,9.44,18.45,0.51,2.04,5.08,0.4,7.41,13.38,0.56,0.57,6.33,7.17,0.88,0.61,6.34,6.94,4.45,0.96,1.17,3.14,1.87,27.26,Superstar
Kevin Love,PF,18.98,0.56,0.46,0.34,8.18,31.03,19.49,13.09,1.09,1.04,11.38,23.72,3.32,1.81,5.14,0.14,2.75,-0.44,2.29,1.95,53,38,27.27,4.89,11.49,0.42,1.74,4.88,0.34,3.14,6.59,0.49,0.5,3.43,4.15,0.83,2.08,7.38,9.45,2.19,0.58,0.34,1.66,1.86,14.93,Star
Kevon Looney,PF,15.12,0.58,0.07,0.29,14.02,21.52,17.83,10.53,1.37,2.51,12.45,12.77,2.24,1.52,3.75,0.16,-1.03,0.39,-0.65,0.62,60,26,15.31,1.89,3.37,0.55,0.04,0.19,0.17,1.84,3.19,0.57,0.56,0.63,1.03,0.62,1.87,3.07,4.98,1.35,0.45,0.46,0.53,1.91,4.41,Starter
Khris Middleton,SF,16.43,0.57,0.36,0.24,2.19,14.51,8.47,21.19,1.87,0.63,12.45,23.03,2.33,1.66,4.0,0.11,0.6,-0.04,0.55,1.15,54,46,28.47,5.55,12.06,0.46,1.66,4.39,0.38,3.89,7.68,0.51,0.53,2.54,2.91,0.87,0.55,3.9,4.46,3.9,1.09,0.19,1.94,2.39,15.31,Starter
Kirk Hinrich,PG-SG,11.38,0.5,0.4,0.18,1.29,9.64,5.48,23.11,1.75,0.66,15.82,16.35,1.39,1.9,3.3,0.08,-1.51,0.6,-0.92,0.8,59,43,27.64,3.43,8.3,0.4,1.17,3.06,0.37,2.27,5.24,0.41,0.47,1.32,1.65,0.8,0.32,2.3,2.61,4.15,0.98,0.25,1.61,2.54,9.34,Starter
Klay Thompson,SG,15.79,0.57,0.48,0.13,1.69,10.17,6.07,11.58,1.26,1.31,8.99,25.03,2.69,2.06,4.76,0.1,1.68,-1.27,0.4,1.43,72,68,31.88,7.12,15.83,0.45,3.15,7.67,0.41,3.97,8.18,0.48,0.55,1.72,2.01,0.86,0.48,3.06,3.52,2.32,0.81,0.51,1.62,1.94,19.11,Star
Kris Dunn,PG,10.79,0.47,0.25,0.17,2.16,13.87,7.96,24.18,2.91,1.81,17.43,17.18,0.06,1.28,1.31,0.03,-3.93,1.31,-2.62,0.24,45,25,22.84,3.13,7.24,0.4,0.54,1.71,0.28,2.59,5.54,0.45,0.44,0.94,1.23,0.75,0.47,2.87,3.32,4.01,1.38,0.42,1.61,2.76,7.74,Bust
Kris Humphries,PF,14.45,0.5,0.1,0.37,10.87,23.18,16.94,6.58,1.3,2.39,11.04,19.67,0.78,1.11,1.88,0.09,-1.66,-0.61,-2.26,0.04,51,12,17.03,2.47,5.66,0.44,0.16,0.54,0.14,2.31,5.11,0.45,0.45,1.43,2.02,0.71,1.65,3.53,5.17,0.71,0.42,0.54,0.83,1.82,6.56,Role Player
Kwame Brown,PF-C,11.38,0.51,0.0,0.63,9.22,20.62,14.89,6.89,1.39,2.02,17.94,15.24,0.45,1.09,1.52,0.06,-2.79,-0.11,-2.91,-0.1,46,21,20.57,2.26,4.54,0.5,0.0,0.0,0.08,2.26,4.52,0.5,0.5,1.44,2.76,0.51,1.64,3.59,5.24,0.91,0.56,0.56,1.26,2.24,5.94,Bust
Kyle Anderson,SF,13.78,0.53,0.2,0.25,4.15,17.99,11.11,17.44,2.18,2.52,13.07,14.68,1.2,2.05,3.25,0.12,-1.02,2.45,1.42,1.19,60,24,20.54,2.58,5.44,0.47,0.39,1.15,0.33,2.2,4.28,0.5,0.5,1.0,1.41,0.71,0.8,3.35,4.14,2.65,0.92,0.61,0.92,1.52,6.58,Star
Kyle Korver,SF,12.44,0.6,0.63,0.16,1.24,11.66,6.51,10.02,1.23,1.01,11.54,16.64,2.12,1.5,3.63,0.11,0.42,-0.03,0.37,1.01,63,19,24.38,3.28,7.4,0.44,1.96,4.59,0.43,1.31,2.82,0.47,0.58,1.03,1.16,0.87,0.25,2.55,2.8,1.62,0.6,0.3,1.02,1.98,9.53,Starter
Kyle Kuzma,SF-SG,13.0,0.54,0.4,0.21,3.49,17.94,10.81,12.82,0.88,1.32,12.42,24.38,-0.34,1.66,1.34,0.03,-1.02,-1.29,-2.29,0.07,61,47,30.83,6.31,14.1,0.45,1.83,5.57,0.33,4.48,8.52,0.52,0.51,2.12,3.0,0.7,0.98,5.19,6.18,2.59,0.56,0.48,2.19,2.02,16.55,Bust
Kyle O'Quinn,PF,17.56,0.55,0.1,0.23,10.31,25.58,17.95,15.99,1.36,5.39,16.62,18.45,0.96,1.29,2.24,0.13,-1.05,1.89,0.82,0.64,59,8,13.62,2.16,4.24,0.51,0.08,0.34,0.15,2.1,3.88,0.54,0.52,0.72,0.99,0.72,1.25,3.11,4.38,1.36,0.39,0.92,0.92,1.95,5.16,Starter
Kyrie Irving,PG,22.4,0.59,0.34,0.23,2.73,10.81,6.79,28.74,1.82,1.17,10.67,29.26,4.57,1.58,6.14,0.16,4.82,-0.29,4.55,2.96,52,52,34.86,8.96,18.74,0.48,2.54,6.48,0.39,6.42,12.26,0.52,0.54,3.91,4.37,0.89,0.87,3.42,4.29,5.62,1.29,0.49,2.44,2.37,24.36,Superstar
LaMarcus Aldridge,PF-C,19.96,0.55,0.07,0.25,7.88,18.37,13.16,10.21,1.04,3.07,8.16,24.86,4.07,2.41,6.48,0.14,1.59,-0.22,1.38,1.88,61,57,32.21,7.29,14.81,0.49,0.35,0.97,0.27,6.94,13.85,0.5,0.51,3.14,3.83,0.83,2.26,5.28,7.53,1.93,0.66,1.16,1.46,2.33,18.08,Star
Lance Stephenson,SG,10.69,0.49,0.23,0.19,2.26,16.05,9.15,21.53,1.26,0.49,17.61,19.44,0.14,1.04,1.2,0.03,-2.71,-0.35,-3.08,0.12,40,13,20.01,3.02,6.79,0.44,0.47,1.56,0.26,2.56,5.23,0.49,0.47,0.94,1.31,0.67,0.45,2.88,3.33,2.81,0.49,0.12,1.49,1.84,7.45,Bust
Larry Nance,PF,16.37,0.6,0.21,0.23,8.79,20.49,14.55,10.76,2.39,2.08,12.01,14.11,1.84,1.21,3.06,0.14,0.06,1.0,1.05,0.89,47,12,22.71,3.21,5.96,0.54,0.45,1.29,0.31,2.74,4.68,0.59,0.58,0.96,1.36,0.71,1.82,4.16,5.98,1.74,1.11,0.53,0.9,2.1,7.84,Star
LeBron James,SF-SG,26.74,0.59,0.24,0.38,3.54,19.2,11.5,36.78,2.0,1.58,13.4,31.51,8.53,3.8,12.34,0.22,6.8,1.65,8.44,7.12,71,71,37.58,9.93,19.6,0.51,1.68,4.8,0.35,8.26,14.79,0.56,0.55,5.45,7.42,0.74,1.14,6.42,7.54,7.42,1.48,0.73,3.51,1.78,27.0,Superstar
Lou Amundson,PF,8.31,0.41,0.0,0.47,14.83,15.34,15.11,4.32,1.26,3.29,16.74,13.75,-0.02,0.39,0.41,0.02,-4.59,-1.62,-6.22,-0.16,29,4,9.64,0.97,2.24,0.41,0.0,0.0,0.0,0.97,2.24,0.41,0.41,0.41,1.01,0.4,1.19,1.54,2.72,0.36,0.28,0.49,0.54,1.52,2.35,Bust
Luc Mbah a Moute,SF,9.83,0.51,0.18,0.34,5.96,11.7,8.79,5.29,1.94,1.24,12.99,13.01,0.49,1.44,1.93,0.06,-2.55,0.44,-2.12,0.13,54,33,20.97,2.19,4.82,0.45,0.26,0.84,0.25,1.93,3.96,0.5,0.48,1.01,1.6,0.63,1.19,2.29,3.48,0.81,0.81,0.34,0.82,1.64,5.64,Bust
Luke Babbitt,SF-PF,8.79,0.52,0.63,0.1,2.49,15.97,9.12,6.43,0.76,0.95,9.15,16.25,0.44,0.35,0.8,0.04,-2.0,-1.39,-3.38,-0.03,43,12,13.62,1.66,4.17,0.39,0.99,2.64,0.37,0.65,1.54,0.38,0.51,0.32,0.44,0.72,0.29,1.86,2.15,0.6,0.22,0.16,0.44,1.25,4.65,Bust
Luke Kennard,SG-SF,13.06,0.63,0.62,0.13,1.37,11.81,6.57,13.52,1.11,0.44,10.82,16.34,1.68,1.02,2.7,0.11,0.46,-0.37,0.09,0.62,52,14,23.85,3.56,7.69,0.47,2.12,4.73,0.45,1.43,2.97,0.48,0.61,0.92,1.05,0.89,0.31,2.55,2.86,2.31,0.52,0.12,0.99,1.39,10.16,Starter
Luke Ridnour,PG,12.69,0.5,0.27,0.19,1.96,8.25,5.04,26.48,1.84,0.61,15.63,17.79,1.74,0.83,2.59,0.06,-1.04,-0.46,-1.5,0.49,64,36,24.5,3.24,7.6,0.42,0.66,1.97,0.34,2.56,5.64,0.45,0.47,1.31,1.53,0.81,0.42,1.72,2.12,4.15,0.9,0.19,1.52,2.04,8.46,Role Player
Luke Walton,SF-PF,9.55,0.46,0.26,0.14,5.64,12.69,9.14,19.12,1.52,0.63,20.09,14.08,0.37,0.73,1.1,0.04,-2.32,0.01,-2.33,0.16,50,12,15.44,1.58,3.77,0.4,0.29,0.9,0.31,1.29,2.86,0.44,0.44,0.47,0.67,0.67,0.74,1.72,2.48,2.02,0.46,0.14,0.98,1.38,3.9,Bust
Luol Deng,SF,14.59,0.52,0.19,0.27,5.05,13.79,9.42,11.31,1.64,0.97,11.66,19.85,2.18,2.44,4.63,0.1,0.25,0.26,0.5,1.43,57,52,32.39,5.29,11.71,0.45,0.7,2.15,0.32,4.58,9.56,0.49,0.48,2.58,3.32,0.77,1.49,4.08,5.57,2.22,0.97,0.42,1.58,1.55,13.82,Starter
Malcolm Brogdon,SG,16.84,0.57,0.34,0.24,3.01,12.69,7.87,24.78,1.31,0.7,11.36,22.61,2.49,1.2,3.7,0.11,1.66,-0.53,1.12,1.24,51,33,29.11,5.64,12.3,0.46,1.59,4.2,0.38,4.04,8.1,0.5,0.52,2.59,2.96,0.87,0.79,3.39,4.19,4.76,0.77,0.26,1.72,1.82,15.43,Star
Malik Allen,PF-C,10.39,0.47,0.01,0.14,8.11,13.98,11.01,5.66,0.91,2.44,10.34,16.66,-0.07,0.69,0.64,0.06,-3.16,-0.15,-3.34,-0.27,42,10,14.21,1.99,4.46,0.45,0.0,0.02,0.27,1.99,4.43,0.45,0.45,0.51,0.61,0.8,0.99,1.72,2.71,0.49,0.26,0.46,0.56,1.78,4.5,Bust
Malik Beasley,SG,12.28,0.55,0.6,0.11,2.03,11.24,6.64,8.68,1.45,0.45,8.28,20.52,0.83,0.91,1.75,0.06,-0.27,-1.15,-1.42,0.3,55,19,23.47,4.33,10.17,0.42,2.42,6.28,0.38,1.91,3.88,0.49,0.54,0.81,1.03,0.77,0.41,2.49,2.93,1.39,0.66,0.1,0.93,1.32,11.89,Role Player
Marcin Gortat,PF-C,16.81,0.57,0.0,0.27,10.91,25.21,18.09,6.74,0.95,3.37,12.58,16.74,2.56,2.27,4.84,0.14,-0.37,0.5,0.14,1.01,63,43,23.7,3.88,7.06,0.54,0.0,0.01,0.25,3.88,7.04,0.55,0.54,1.32,1.94,0.68,2.04,5.34,7.39,1.03,0.44,1.01,1.1,2.11,9.09,Star
Marcus Morris,PF-SF,11.84,0.53,0.42,0.21,3.65,14.45,9.04,7.49,1.21,1.07,9.86,19.74,1.1,1.31,2.41,0.07,-1.16,-0.72,-1.88,0.39,54,32,24.18,3.94,9.11,0.43,1.45,3.81,0.36,2.5,5.31,0.47,0.5,1.47,1.94,0.75,0.77,3.23,3.98,1.26,0.59,0.3,1.07,2.03,10.81,Role Player
Marcus Smart,PG,12.38,0.52,0.53,0.27,2.8,9.41,6.11,21.62,2.64,1.08,15.63,18.75,0.72,1.97,2.68,0.08,-1.6,0.88,-0.74,0.6,51,30,27.81,3.57,9.12,0.39,1.59,4.87,0.33,1.98,4.25,0.47,0.48,1.86,2.41,0.77,0.72,2.44,3.15,4.31,1.51,0.35,1.88,2.37,10.59,Starter
Marcus Thornton,PG-SG,14.49,0.51,0.42,0.18,3.93,10.78,7.31,10.01,1.99,0.42,8.57,23.36,1.19,0.6,1.78,0.07,0.64,-0.86,-0.22,0.54,46,12,21.64,3.99,9.58,0.41,1.39,3.98,0.34,2.59,5.61,0.46,0.48,1.46,1.79,0.82,0.76,1.94,2.7,1.34,0.83,0.13,0.98,1.41,10.83,Role Player
Mark Madsen,PF,6.38,0.43,0.02,0.51,11.96,12.56,12.28,4.81,1.04,1.34,19.18,9.87,0.37,0.53,0.91,0.04,-4.66,-0.74,-5.41,-0.32,50,8,11.08,0.73,1.68,0.41,0.0,0.02,0.25,0.73,1.66,0.42,0.41,0.42,0.8,0.46,1.16,1.22,2.38,0.37,0.26,0.22,0.46,1.8,1.87,Bust
Markieff Morris,PF,11.03,0.5,0.41,0.16,4.5,17.47,10.97,11.07,1.33,1.5,11.64,20.39,0.32,0.99,1.29,0.04,-2.5,-0.55,-3.06,0.06,43,19,19.31,3.18,7.45,0.41,0.86,2.59,0.33,2.3,4.88,0.46,0.48,1.08,1.38,0.8,0.85,3.03,3.88,1.38,0.56,0.37,1.12,2.23,8.3,Bust
Marquis Daniels,SG-PG,12.42,0.49,0.11,0.23,4.83,9.98,7.42,13.18,2.22,0.93,13.04,18.82,0.4,1.24,1.66,0.06,-1.73,0.56,-1.17,0.3,55,15,20.94,3.16,6.99,0.45,0.17,0.76,0.21,2.97,6.23,0.47,0.46,1.17,1.65,0.72,0.92,1.83,2.75,1.72,0.9,0.24,1.13,1.56,7.65,Role Player
Martell Webster,SF,9.13,0.49,0.54,0.28,2.78,11.02,6.88,5.95,1.04,0.76,10.13,16.2,1.47,0.99,2.47,0.04,-1.63,-1.07,-2.7,0.44,58,27,21.26,2.51,6.11,0.36,1.13,3.08,0.33,1.37,3.02,0.44,0.44,1.34,1.73,0.79,0.55,2.18,2.71,0.89,0.44,0.23,0.83,1.59,7.48,Bust
Marvin Williams,PF-SF,13.16,0.55,0.38,0.27,4.61,16.13,10.32,7.25,1.44,1.65,9.41,15.82,2.2,1.76,3.96,0.1,-0.44,0.09,-0.35,0.74,66,49,27.04,3.46,7.78,0.44,0.96,2.67,0.33,2.49,5.13,0.51,0.51,1.79,2.21,0.81,1.11,3.83,4.95,1.25,0.74,0.54,0.91,1.99,9.64,Starter
Mason Plumlee,C-PF,17.68,0.62,0.01,0.56,10.26,23.89,17.11,15.83,1.49,3.09,17.35,16.04,2.69,1.79,4.48,0.15,-0.1,1.27,1.17,1.22,64,38,22.42,3.32,5.53,0.61,0.0,0.04,0.02,3.32,5.49,0.61,0.61,1.81,3.06,0.59,2.09,4.84,6.93,2.52,0.68,0.81,1.42,2.65,8.44,Star
Matt Barnes,SF,12.03,0.53,0.38,0.25,6.28,16.71,11.56,11.39,1.67,1.36,15.55,15.95,1.12,1.42,2.56,0.08,-1.07,0.36,-0.69,0.59,59,21,21.85,2.65,6.13,0.44,0.88,2.67,0.3,1.75,3.47,0.51,0.5,1.01,1.37,0.74,1.11,3.27,4.38,1.73,0.72,0.41,1.19,2.38,7.19,Role Player
Matt Bonner,PF-SF,13.42,0.59,0.53,0.11,5.31,15.02,10.28,6.35,1.12,1.14,6.95,14.91,1.99,1.22,3.22,0.14,0.66,0.26,0.89,0.82,66,9,16.12,2.12,4.55,0.46,0.98,2.37,0.41,1.14,2.19,0.51,0.57,0.4,0.52,0.77,0.73,2.11,2.85,0.67,0.34,0.26,0.37,1.54,5.59,Starter
Matt Carroll,SG-SF,7.37,0.49,0.28,0.29,2.07,9.79,5.88,7.69,1.43,0.44,14.73,17.12,0.35,0.4,0.76,0.01,-4.47,-0.99,-5.47,-0.05,38,7,11.78,1.46,3.63,0.4,0.41,1.16,0.3,1.05,2.46,0.43,0.44,0.89,1.09,0.83,0.22,1.06,1.3,0.53,0.34,0.06,0.58,1.21,4.22,Bust
Maurice Evans,SG,11.59,0.52,0.35,0.2,5.59,7.68,6.63,7.28,1.41,0.56,6.78,16.26,1.42,0.77,2.19,0.09,-0.9,-0.66,-1.54,0.22,55,15,18.57,2.42,5.56,0.43,0.68,2.0,0.31,1.72,3.57,0.48,0.49,0.83,1.03,0.79,0.88,1.31,2.18,0.78,0.51,0.13,0.45,1.65,6.37,Role Player
Maurice Harkless,SF,10.26,0.54,0.41,0.23,4.25,11.97,8.11,6.34,1.91,2.24,12.31,12.61,0.69,1.17,1.88,0.07,-2.34,0.74,-1.58,0.31,51,32,21.65,2.4,5.11,0.46,0.59,1.88,0.32,1.8,3.24,0.52,0.53,0.79,1.22,0.6,0.86,2.39,3.24,0.99,0.86,0.56,0.76,2.08,6.14,Role Player
Melvin Ely,PF,8.24,0.48,0.0,0.4,7.04,14.36,10.67,6.65,0.89,2.43,15.99,16.9,-0.12,0.45,0.33,0.02,-4.81,-0.7,-5.49,-0.32,37,5,13.9,1.66,3.75,0.44,0.0,0.0,0.0,1.66,3.74,0.44,0.44,0.93,1.51,0.63,0.87,1.69,2.57,0.59,0.24,0.46,0.86,1.96,4.25,Bust
Meyers Leonard,C,11.93,0.6,0.46,0.2,5.41,22.54,14.11,7.73,0.65,0.97,13.62,14.97,0.92,0.67,1.59,0.11,-1.59,-0.15,-1.75,0.1,46,10,14.5,1.92,3.95,0.49,0.72,1.83,0.37,1.18,2.1,0.57,0.58,0.56,0.7,0.78,0.7,2.94,3.64,0.77,0.18,0.21,0.68,2.01,5.12,Role Player
Michael Beasley,PF-SF,15.82,0.52,0.13,0.22,5.35,18.54,11.98,10.42,1.33,2.0,12.52,26.91,0.18,1.24,1.42,0.05,-0.85,-0.87,-1.75,0.07,55,22,21.34,4.8,10.25,0.47,0.44,1.28,0.33,4.36,8.95,0.49,0.49,1.67,2.21,0.75,1.02,3.43,4.42,1.23,0.54,0.51,1.57,2.09,11.69,Role Player
Michael Carter-Williams,PG,13.12,0.47,0.22,0.36,4.1,14.24,9.08,26.87,2.44,2.16,16.53,21.8,-0.51,1.15,0.62,0.04,-2.24,0.87,-1.37,0.21,38,22,22.56,3.35,8.39,0.39,0.43,1.66,0.25,2.94,6.74,0.43,0.42,1.98,2.85,0.68,0.85,2.97,3.85,4.02,1.12,0.52,2.04,2.22,9.07,Role Player
Michael Kidd-Gilchrist,SF,11.01,0.5,0.12,0.35,6.47,18.38,12.34,7.23,1.0,2.09,13.58,15.57,0.91,1.17,2.08,0.06,-3.06,-0.2,-3.27,0.01,47,36,21.46,2.77,5.95,0.44,0.13,0.44,0.2,2.64,5.48,0.46,0.45,1.55,2.18,0.74,1.34,3.48,4.8,1.01,0.48,0.53,0.85,1.89,7.22,Bust
Michael Redd,SG-SF,16.54,0.52,0.3,0.29,3.68,9.49,6.55,11.47,1.48,0.24,7.68,25.62,3.97,0.68,4.65,0.09,1.85,-1.67,0.21,1.78,52,36,28.1,5.68,13.01,0.42,1.39,3.86,0.33,4.28,9.17,0.46,0.47,3.37,4.09,0.81,0.82,2.38,3.21,1.91,0.82,0.11,1.3,1.35,16.16,Starter
Mike Conley,PG,16.71,0.56,0.41,0.27,1.75,8.98,5.36,28.06,2.12,0.57,12.73,20.54,3.57,1.99,5.56,0.13,1.78,0.32,2.09,2.1,62,60,31.02,4.86,11.21,0.43,1.72,4.5,0.38,3.14,6.72,0.47,0.51,2.58,3.14,0.83,0.48,2.46,2.91,5.64,1.31,0.21,1.8,1.94,14.04,Star
Mike Dunleavy,SF,13.14,0.55,0.42,0.25,2.77,13.95,8.33,12.21,1.29,0.84,11.94,17.92,1.91,1.52,3.43,0.09,-0.12,-0.11,-0.21,0.91,59,33,26.41,3.78,8.62,0.44,1.27,3.38,0.37,2.52,5.24,0.48,0.51,1.81,2.27,0.8,0.67,3.36,4.03,2.07,0.69,0.3,1.32,1.97,10.63,Starter
Mike Muscala,C-PF,12.14,0.56,0.56,0.17,5.88,16.59,11.26,7.59,0.89,2.46,9.83,15.52,0.72,0.63,1.36,0.09,-1.16,-0.25,-1.41,0.22,40,4,14.61,1.94,4.43,0.43,0.94,2.62,0.33,1.0,1.82,0.53,0.53,0.65,0.8,0.76,0.74,2.25,2.99,0.81,0.27,0.43,0.52,1.38,5.47,Role Player
Mike Scott,PF,11.26,0.53,0.46,0.15,4.91,16.39,10.75,8.08,0.95,0.74,9.44,17.35,0.75,0.91,1.68,0.08,-1.39,-0.91,-2.29,0.04,58,3,16.33,2.35,5.4,0.42,0.91,2.49,0.32,1.45,2.92,0.47,0.51,0.6,0.76,0.74,0.67,2.43,3.09,0.85,0.31,0.15,0.6,1.5,6.19,Role Player
Mo Williams,PG-SG,14.54,0.52,0.32,0.2,1.83,8.85,5.3,29.56,1.53,0.42,15.65,23.35,1.62,0.94,2.54,0.07,0.54,-1.39,-0.87,0.61,56,36,29.03,4.92,11.6,0.42,1.41,3.81,0.36,3.52,7.79,0.45,0.48,2.04,2.32,0.87,0.44,2.22,2.67,5.12,0.85,0.15,2.35,2.42,13.26,Role Player
Monta Ellis,SG-PG,15.68,0.52,0.18,0.26,1.79,9.41,5.54,22.04,2.32,0.74,13.76,25.02,1.53,1.64,3.19,0.06,-0.16,-0.51,-0.67,0.96,64,55,34.72,6.94,15.5,0.45,0.86,2.76,0.31,6.07,12.75,0.48,0.48,3.24,4.14,0.77,0.56,2.9,3.46,4.7,1.64,0.33,2.71,2.34,17.96,Starter
Monte Morris,PG,15.06,0.56,0.37,0.16,1.65,10.4,6.1,22.59,1.98,0.87,7.62,16.82,1.78,0.79,2.59,0.12,0.08,0.38,0.49,0.58,45,17,19.08,2.97,6.4,0.47,0.88,2.39,0.33,2.09,4.03,0.52,0.53,0.75,0.92,0.79,0.27,1.75,2.03,2.96,0.67,0.18,0.55,0.75,7.56,Starter
Montrezl Harrell,PF,21.42,0.65,0.02,0.47,9.7,16.44,13.1,10.65,1.17,2.97,10.39,20.57,3.66,1.35,5.03,0.19,2.06,0.16,2.21,1.46,59,4,20.23,4.66,7.45,0.63,0.02,0.15,0.1,4.64,7.3,0.64,0.63,2.31,3.46,0.66,1.8,3.18,4.98,1.4,0.48,0.7,1.01,1.97,11.66,Star
Myles Turner,C-PF,17.14,0.59,0.32,0.31,5.49,20.6,13.08,6.25,1.14,6.67,10.79,19.79,2.19,2.67,4.86,0.12,-0.3,1.0,0.71,1.3,64,61,28.75,5.13,10.28,0.5,1.21,3.31,0.34,3.94,6.96,0.57,0.55,2.46,3.17,0.77,1.4,5.36,6.75,1.23,0.69,2.25,1.42,2.93,13.91,Star
Nate Robinson,PG,12.85,0.48,0.46,0.19,2.56,7.58,5.1,23.14,1.92,0.22,11.3,22.28,1.15,0.7,1.85,0.07,-0.79,-0.65,-1.42,0.52,46,7,18.97,3.16,7.74,0.37,1.12,3.22,0.33,2.04,4.5,0.44,0.44,1.24,1.58,0.77,0.48,1.34,1.8,2.62,0.73,0.06,1.16,2.17,8.68,Role Player
Nene,PF,13.15,0.55,0.01,0.47,7.28,18.55,12.94,10.53,1.87,2.23,17.74,21.05,2.03,1.97,3.99,0.06,-3.47,0.3,-3.17,1.04,53,35,24.11,4.07,7.54,0.51,0.0,0.06,0.06,4.05,7.49,0.52,0.51,2.39,3.66,0.65,1.59,4.13,5.72,1.65,0.94,0.74,1.77,2.8,10.53,Role Player
Nerlens Noel,C,14.84,0.55,0.02,0.35,8.92,21.18,14.92,7.32,3.09,5.05,19.07,14.12,0.81,1.68,2.48,0.11,-2.78,2.6,-0.17,0.65,41,19,19.48,2.44,4.56,0.51,0.02,0.02,0.2,2.42,4.52,0.51,0.51,1.08,1.62,0.67,1.63,3.66,5.29,0.95,1.18,1.13,1.14,2.42,5.98,Starter
Nick Collison,PF,12.81,0.58,0.03,0.34,10.74,17.51,14.16,8.26,1.14,1.71,16.99,13.16,1.9,1.29,3.17,0.11,-1.53,0.07,-1.47,0.23,65,13,18.66,2.21,4.13,0.55,0.01,0.09,0.06,2.19,4.02,0.56,0.55,0.91,1.28,0.69,1.77,2.94,4.7,0.97,0.44,0.45,0.9,2.51,5.36,Starter
Nick Young,SG-SF,11.85,0.53,0.45,0.21,1.69,7.6,4.6,6.69,1.16,0.79,9.25,21.96,1.12,0.36,1.47,0.05,-0.76,-1.94,-2.71,-0.06,56,17,22.73,3.93,9.59,0.41,1.46,3.94,0.37,2.47,5.64,0.41,0.49,1.86,2.23,0.84,0.37,1.54,1.9,0.92,0.54,0.21,1.0,1.85,11.21,Role Player
Nikola Vucevic,PF-C,20.2,0.54,0.18,0.14,8.6,28.21,18.31,16.02,1.34,2.34,9.75,24.84,2.65,2.75,5.39,0.13,2.06,0.24,2.31,2.26,65,61,31.29,7.49,15.19,0.49,1.1,3.02,0.32,6.41,12.17,0.53,0.53,1.61,2.06,0.77,2.43,8.04,10.48,2.96,0.86,0.85,1.71,2.39,17.68,Star
Noah Vonleh,PF,10.04,0.51,0.24,0.28,8.9,23.52,16.1,7.04,0.94,1.68,17.79,14.43,0.35,0.65,1.01,0.05,-3.59,-0.66,-4.25,-0.04,38,16,12.88,1.48,3.23,0.46,0.23,0.78,0.32,1.28,2.45,0.49,0.49,0.62,0.93,0.7,1.11,2.98,4.08,0.62,0.3,0.29,0.64,1.34,3.82,Bust
Norman Powell,SG,15.8,0.6,0.43,0.3,1.81,10.38,6.1,10.54,1.64,1.14,10.29,22.38,1.73,1.11,2.85,0.11,0.81,-0.41,0.41,0.68,52,26,26.26,5.13,10.86,0.47,1.94,4.7,0.4,3.2,6.16,0.52,0.55,2.89,3.45,0.83,0.43,2.4,2.83,1.74,0.87,0.33,1.36,2.03,15.08,Starter
OG Anunoby,SF,13.16,0.58,0.47,0.18,3.83,11.76,7.75,8.14,2.05,1.79,11.03,17.38,1.48,1.92,3.39,0.09,-0.59,0.56,-0.06,0.9,54,47,31.38,5.09,10.71,0.48,1.86,4.92,0.38,3.26,5.79,0.57,0.56,1.44,1.91,0.74,1.1,3.3,4.4,1.83,1.33,0.62,1.42,2.42,13.52,Starter
O.J. Mayo,SG-PG,12.8,0.52,0.37,0.19,1.92,9.85,5.86,15.64,1.74,0.72,13.94,21.92,1.26,1.45,2.74,0.06,-0.48,-0.69,-1.2,0.6,68,41,30.12,4.91,11.56,0.42,1.55,4.18,0.37,3.38,7.41,0.45,0.49,1.9,2.31,0.81,0.5,2.51,3.04,2.89,1.0,0.28,2.02,2.3,13.26,Starter
Omri Casspi,SF,12.32,0.55,0.33,0.25,4.5,16.56,10.57,8.03,1.58,0.87,13.33,17.06,0.77,0.77,1.55,0.07,-1.08,-0.48,-1.58,0.24,48,11,19.48,2.82,5.98,0.47,0.8,2.09,0.37,2.02,3.92,0.52,0.53,0.95,1.43,0.65,0.78,2.79,3.55,0.98,0.58,0.19,1.02,1.59,7.4,Role Player
Otto Porter,SF,14.13,0.56,0.42,0.17,4.52,16.77,10.59,9.42,2.09,1.21,8.09,16.77,1.51,1.25,2.75,0.11,-0.23,0.53,0.31,0.94,41,25,23.69,3.73,8.11,0.45,1.28,3.34,0.36,2.45,4.77,0.52,0.53,1.13,1.37,0.83,0.94,3.63,4.55,1.57,1.05,0.33,0.76,1.62,9.84,Starter
Pascal Siakam,PF,18.12,0.58,0.22,0.28,5.56,18.14,11.79,17.23,1.36,1.75,10.35,23.36,3.47,2.2,5.67,0.13,1.51,0.14,1.64,2.03,64,56,31.54,7.15,14.22,0.51,1.11,3.24,0.32,6.07,10.97,0.55,0.54,3.25,4.28,0.74,1.56,5.14,6.7,3.71,0.89,0.56,1.81,2.64,18.65,Star
Pat Connaughton,SG,10.72,0.55,0.59,0.12,4.29,14.67,9.63,10.24,1.07,1.11,10.99,13.66,1.19,1.27,2.46,0.09,-1.15,-0.1,-1.24,0.45,60,7,17.9,2.06,4.72,0.43,1.05,2.98,0.35,1.0,1.74,0.56,0.54,0.45,0.58,0.79,0.65,2.56,3.2,1.33,0.44,0.26,0.52,1.08,5.65,Starter
Patrick Patterson,PF,12.73,0.54,0.4,0.13,6.69,15.01,10.85,7.27,1.25,1.56,9.27,15.07,1.53,1.11,2.63,0.1,-0.08,-0.2,-0.3,0.63,57,11,21.32,2.9,6.3,0.45,0.81,2.23,0.32,2.08,4.06,0.5,0.52,0.6,0.79,0.74,1.31,2.87,4.14,1.03,0.53,0.44,0.69,1.69,7.19,Starter
Patty Mills,PG,12.42,0.55,0.6,0.14,1.91,6.75,4.37,15.94,1.68,0.34,11.4,20.16,0.98,0.82,1.8,0.08,-0.85,-0.58,-1.44,0.41,49,6,16.58,2.52,6.1,0.41,1.35,3.65,0.38,1.18,2.45,0.48,0.53,0.68,0.79,0.87,0.26,1.08,1.35,1.75,0.55,0.07,0.82,1.12,7.12,Role Player
Paul George,SF,18.41,0.56,0.42,0.27,2.77,17.93,10.43,18.32,2.54,1.12,13.5,27.27,2.79,3.17,5.97,0.12,2.04,1.03,3.09,2.95,61,57,32.17,6.79,15.54,0.44,2.53,6.58,0.38,4.28,8.95,0.47,0.52,3.65,4.29,0.84,0.78,5.27,6.05,3.64,1.62,0.43,2.67,2.57,19.75,Star
Paul Millsap,PF,17.18,0.55,0.17,0.35,9.58,19.67,14.67,11.81,2.09,2.84,12.67,20.66,2.77,2.56,5.32,0.13,0.03,0.79,0.83,1.66,62,42,25.77,4.51,9.36,0.48,0.5,1.51,0.27,4.01,7.86,0.51,0.5,2.51,3.4,0.73,2.0,4.47,6.48,2.03,1.09,0.87,1.55,2.83,12.04,Star
Primoz Brezec,C,8.64,0.47,0.0,0.41,10.78,13.97,12.31,4.09,0.53,2.04,12.59,16.7,0.52,0.33,0.85,0.04,-4.83,-1.6,-6.44,-0.2,32,18,10.82,1.51,3.18,0.46,0.0,0.01,0.11,1.51,3.18,0.46,0.46,0.68,1.06,0.54,0.98,1.29,2.26,0.29,0.11,0.25,0.48,1.58,3.68,Bust
Ramon Sessions,PG,14.57,0.52,0.16,0.48,2.13,10.61,6.33,28.43,1.48,0.25,15.94,20.91,1.43,0.59,2.01,0.07,-0.31,-1.07,-1.39,0.33,49,11,22.49,3.13,7.38,0.41,0.36,1.07,0.31,2.77,6.31,0.43,0.44,2.81,3.57,0.78,0.44,2.09,2.53,4.06,0.65,0.08,1.66,1.29,9.43,Role Player
Randy Foye,SG-PG,11.1,0.51,0.47,0.2,1.44,8.69,5.04,16.86,1.37,0.95,13.48,18.85,1.06,0.78,1.84,0.05,-0.9,-0.76,-1.68,0.25,64,34,24.98,3.42,8.58,0.39,1.39,3.88,0.35,2.0,4.72,0.42,0.47,1.46,1.74,0.84,0.31,1.88,2.21,2.72,0.67,0.3,1.42,2.03,9.68,Role Player
Rasual Butler,SF,10.34,0.51,0.48,0.12,1.68,10.97,6.37,6.08,0.83,1.75,8.58,17.45,0.38,0.97,1.39,0.06,-0.85,-0.55,-1.4,0.13,57,18,18.46,2.41,6.04,0.41,1.02,2.8,0.37,1.39,3.25,0.44,0.5,0.59,0.8,0.72,0.29,1.77,2.05,0.71,0.29,0.42,0.57,1.22,6.42,Role Player
Raymond Felton,PG,13.74,0.5,0.3,0.21,2.02,9.5,5.73,28.01,2.03,0.66,15.04,20.1,1.25,1.61,2.85,0.07,-0.24,-0.31,-0.55,0.74,65,45,29.02,4.18,10.06,0.41,0.99,2.95,0.33,3.17,7.12,0.45,0.46,1.74,2.22,0.79,0.55,2.34,2.88,5.32,1.17,0.2,2.04,1.85,11.05,Starter
Reggie Bullock,SG-SF,8.77,0.52,0.64,0.11,1.6,12.12,6.83,6.71,1.3,0.69,8.4,13.2,0.78,0.83,1.65,0.06,-1.97,-0.01,-1.97,0.2,44,24,20.01,2.29,5.53,0.39,1.34,3.59,0.35,0.94,1.93,0.47,0.5,0.51,0.61,0.8,0.27,2.0,2.28,1.03,0.53,0.15,0.51,1.21,6.43,Role Player
Reggie Evans,PF,11.58,0.5,0.0,0.88,14.78,28.46,21.63,4.15,1.89,0.55,21.58,12.71,0.47,1.35,1.82,0.08,-2.36,-0.75,-3.14,-0.23,55,25,18.96,1.42,3.04,0.46,0.0,0.0,0.12,1.42,3.03,0.47,0.46,1.36,2.58,0.53,2.42,4.66,7.05,0.56,0.68,0.13,1.13,2.33,4.19,Bust
Richard Jefferson,SF,13.01,0.56,0.32,0.36,2.66,12.75,7.72,10.93,1.16,0.78,11.68,18.2,2.72,1.81,4.54,0.1,-0.19,-0.19,-0.38,1.05,65,45,28.09,4.09,9.01,0.45,0.95,2.46,0.36,3.17,6.55,0.49,0.52,2.76,3.58,0.73,0.72,3.15,3.88,1.96,0.63,0.28,1.43,2.12,11.89,Starter
Richaun Holmes,PF,17.19,0.63,0.06,0.32,10.8,20.42,15.59,7.58,1.12,3.71,11.61,16.03,1.85,0.83,2.67,0.15,-0.69,-0.06,-0.77,0.4,44,16,18.07,3.19,5.32,0.59,0.08,0.32,0.28,3.12,5.01,0.61,0.6,1.29,1.71,0.74,1.76,3.44,5.19,0.92,0.44,0.82,0.77,2.3,7.75,Starter
Robert Covington,SF-PF,13.34,0.56,0.66,0.19,3.84,16.86,10.29,6.78,2.85,3.15,10.86,15.45,0.59,1.66,2.25,0.1,-0.79,1.73,0.97,0.77,43,32,26.51,3.27,7.84,0.42,1.83,5.09,0.36,1.43,2.74,0.55,0.53,1.24,1.57,0.79,0.86,4.21,5.07,1.3,1.53,1.01,1.13,2.72,9.63,Starter
Rodney Hood,SF,10.66,0.53,0.44,0.17,1.8,9.62,5.71,8.97,1.3,0.73,8.46,17.26,0.74,0.69,1.44,0.06,-1.59,-0.66,-2.27,0.11,43,21,22.21,3.29,7.8,0.41,1.23,3.37,0.37,2.08,4.44,0.45,0.49,1.19,1.41,0.84,0.36,1.96,2.29,1.38,0.59,0.18,0.78,1.63,9.02,Bust
Rodney Stuckey,SG-PG,14.47,0.51,0.14,0.38,2.52,10.14,6.27,21.3,1.67,0.39,13.18,23.19,1.71,1.17,2.86,0.07,-0.61,-0.54,-1.14,0.51,65,30,26.77,4.32,10.22,0.42,0.42,1.41,0.28,3.88,8.8,0.44,0.44,3.18,3.85,0.82,0.62,2.26,2.88,3.49,0.85,0.12,1.78,2.0,12.2,Starter
Ronald Murray,SG,10.97,0.47,0.22,0.26,1.83,8.83,5.31,17.48,2.04,0.48,15.64,24.67,-0.01,0.71,0.69,-0.01,-2.59,-1.22,-3.77,-0.08,43,9,20.19,3.23,7.86,0.4,0.53,1.82,0.24,2.71,6.04,0.44,0.43,1.56,2.17,0.7,0.34,1.51,1.85,2.11,0.71,0.14,1.48,1.3,8.53,Bust
Ronnie Brewer,SG-PG,10.23,0.44,0.21,0.27,4.15,9.72,7.01,8.89,2.56,0.56,10.15,11.75,1.16,1.38,2.51,0.08,-1.71,1.31,-0.41,0.89,46,28,17.96,2.03,4.41,0.39,0.15,0.58,0.21,1.89,3.84,0.42,0.41,0.92,1.41,0.52,0.66,1.57,2.23,1.25,0.96,0.16,0.55,0.76,5.13,Role Player
Ronnie Price,PG,8.84,0.45,0.42,0.2,2.88,7.92,5.38,18.72,2.97,0.52,17.54,16.28,-0.22,0.53,0.32,0.02,-3.95,0.86,-3.08,-0.13,45,6,12.99,1.25,3.44,0.35,0.42,1.43,0.28,0.82,2.01,0.4,0.41,0.51,0.68,0.75,0.32,0.88,1.18,1.75,0.78,0.1,0.82,1.61,3.4,Bust
Ronny Turiaf,PF,12.22,0.61,0.01,0.53,6.92,17.57,12.24,9.63,1.55,4.67,21.47,10.54,0.86,0.81,1.68,0.1,-2.16,1.85,-0.32,0.42,41,9,15.72,1.42,2.56,0.59,0.0,0.02,0.0,1.42,2.55,0.59,0.59,0.81,1.34,0.58,0.98,2.48,3.45,1.08,0.47,1.03,0.72,2.04,3.63,Starter
Rudy Gay,SF-PF,16.07,0.53,0.25,0.26,4.77,16.64,10.7,11.63,1.83,1.91,12.1,24.49,1.39,1.94,3.32,0.08,0.55,-0.03,0.53,1.28,60,44,31.35,6.1,13.71,0.44,1.08,3.11,0.34,5.04,10.62,0.48,0.49,2.94,3.64,0.81,1.3,4.42,5.72,2.17,1.16,0.72,2.16,2.26,16.2,Starter
Rudy Gobert,C,20.58,0.66,0.0,0.71,12.61,29.5,21.23,6.38,1.12,5.79,15.52,15.72,5.39,4.27,9.67,0.21,0.97,1.91,2.87,2.83,69,61,30.08,4.57,7.01,0.64,0.0,0.02,0.0,4.57,6.98,0.64,0.64,3.12,4.88,0.63,3.3,8.13,11.45,1.32,0.69,2.02,1.6,2.62,12.3,Superstar
Russell Westbrook,PG,20.86,0.53,0.22,0.35,5.36,17.32,11.41,39.85,2.28,0.88,16.66,30.65,3.1,2.93,6.01,0.12,2.77,0.37,3.14,3.14,69,58,32.8,7.49,17.02,0.44,1.13,3.69,0.3,6.35,13.33,0.48,0.47,4.61,6.03,0.75,1.56,5.32,6.87,7.93,1.52,0.36,3.86,2.51,20.7,Star
Ryan Gomes,SF-PF,10.2,0.49,0.23,0.21,4.69,14.11,9.38,7.48,1.25,0.31,10.88,16.08,1.44,0.98,2.41,0.05,-1.98,-0.91,-2.89,0.18,61,46,24.02,3.24,7.36,0.42,0.52,1.64,0.28,2.7,5.74,0.47,0.46,1.38,1.71,0.78,1.06,2.9,3.96,1.23,0.62,0.14,0.98,1.75,8.4,Bust
Sasha Vujacic,PG-SG,9.8,0.5,0.5,0.15,2.58,12.82,7.78,12.44,2.07,0.26,12.87,18.96,0.77,0.72,1.5,0.03,-2.76,-0.22,-2.97,0.21,54,6,14.35,1.8,4.69,0.38,0.86,2.34,0.37,0.96,2.37,0.39,0.47,0.64,0.76,0.82,0.32,1.51,1.83,1.21,0.54,0.06,0.67,1.38,5.16,Bust
Seth Curry,SG,11.15,0.54,0.48,0.12,1.35,9.45,5.39,10.35,2.25,0.49,8.29,16.06,1.12,0.62,1.75,0.07,-2.03,0.38,-1.64,0.32,39,17,18.86,2.92,6.4,0.41,1.41,3.24,0.46,1.52,3.18,0.41,0.52,0.75,0.86,0.87,0.25,1.52,1.77,1.56,0.68,0.12,0.75,1.22,7.99,Role Player
Shane Battier,SF-PF,12.27,0.56,0.52,0.21,4.87,11.07,7.98,8.83,1.72,2.24,10.51,12.42,2.88,2.51,5.39,0.12,0.39,1.16,1.55,2.01,71,51,30.16,2.94,6.73,0.43,1.25,3.28,0.38,1.67,3.45,0.48,0.53,1.13,1.53,0.74,1.27,2.92,4.18,1.79,0.98,0.89,0.9,2.19,8.27,Star
Shaun Livingston,PG-SG,11.6,0.52,0.02,0.25,2.79,10.08,6.46,20.62,1.69,1.24,18.08,14.98,0.82,0.89,1.7,0.07,-2.18,0.48,-1.71,0.24,47,11,20.46,2.48,5.13,0.47,0.0,0.1,0.12,2.47,5.04,0.48,0.47,1.06,1.28,0.82,0.52,1.82,2.32,2.86,0.67,0.33,1.23,1.68,6.0,Role Player
Shelvin Mack,PG,9.81,0.49,0.33,0.18,1.24,9.45,5.37,25.37,1.77,0.15,18.63,20.37,0.19,0.69,0.87,0.01,-3.44,-0.81,-4.23,-0.01,40,6,16.83,2.36,5.62,0.41,0.6,1.83,0.28,1.77,3.8,0.49,0.46,0.72,1.03,0.69,0.21,1.52,1.73,2.71,0.61,0.04,1.23,1.21,5.98,Bust
Solomon Hill,SF,7.97,0.47,0.55,0.19,3.77,12.89,8.42,9.94,1.7,1.0,14.2,12.12,0.25,0.97,1.21,0.05,-3.07,0.59,-2.48,-0.01,46,18,18.48,1.54,4.13,0.36,0.71,2.21,0.3,0.83,1.95,0.42,0.44,0.71,0.91,0.76,0.61,2.19,2.76,1.38,0.64,0.22,0.76,1.53,4.48,Bust
Solomon Jones,PF-C,7.5,0.43,0.01,0.44,10.54,12.92,11.73,3.89,1.13,3.33,24.19,12.95,0.18,0.36,0.52,0.03,-5.07,-0.28,-5.36,-0.18,30,1,11.48,0.91,2.19,0.37,0.0,0.02,0.1,0.9,2.16,0.37,0.37,0.71,0.97,0.71,1.0,1.24,2.27,0.32,0.25,0.48,0.71,1.83,2.55,Bust
Spencer Dinwiddie,PG,13.72,0.54,0.45,0.37,1.54,10.82,6.23,25.73,1.28,0.82,12.41,20.17,2.0,0.95,2.95,0.09,-0.24,-0.33,-0.57,0.65,50,31,27.11,3.99,9.64,0.41,1.48,4.38,0.32,2.51,5.24,0.47,0.48,2.77,3.51,0.8,0.38,2.68,3.05,4.84,0.7,0.27,1.52,2.06,12.21,Starter
Spencer Hawes,PF,14.58,0.53,0.24,0.18,6.54,21.91,14.16,14.09,0.88,3.15,14.22,19.51,0.61,1.46,2.06,0.08,-0.89,0.4,-0.49,0.39,58,32,22.26,3.56,7.74,0.46,0.67,1.8,0.33,2.9,5.94,0.5,0.5,1.02,1.37,0.74,1.34,4.3,5.64,1.94,0.39,0.91,1.41,2.36,8.81,Starter
Stanley Johnson,SF,9.59,0.5,0.43,0.21,3.42,15.5,9.32,12.51,2.13,1.17,15.64,17.39,-0.44,1.19,0.74,0.03,-3.31,0.69,-2.62,-0.15,52,11,18.12,2.23,5.56,0.4,0.74,2.39,0.32,1.5,3.16,0.47,0.47,0.85,1.13,0.73,0.55,2.44,3.0,1.5,0.8,0.23,1.06,1.76,6.02,Bust
Stephen Curry,PG-SG,23.41,0.62,0.52,0.24,2.22,13.11,7.75,31.45,2.13,0.69,13.85,29.32,6.49,2.45,8.96,0.19,6.14,0.16,6.28,4.68,64,64,33.43,8.26,17.62,0.47,3.84,9.32,0.42,4.41,8.3,0.53,0.58,3.98,4.34,0.91,0.67,4.08,4.72,6.3,1.44,0.28,3.09,2.24,24.32,Superstar
Steve Novak,SF,12.22,0.6,0.78,0.06,1.06,12.81,7.04,3.32,0.42,0.54,4.62,15.92,0.71,0.22,0.94,0.11,1.52,-1.29,0.26,0.25,32,0,8.14,1.12,2.54,0.42,0.86,1.99,0.43,0.24,0.55,0.43,0.59,0.15,0.17,0.78,0.09,0.81,0.89,0.18,0.08,0.07,0.12,0.61,3.24,Role Player
Steven Adams,C,16.7,0.58,0.0,0.48,15.57,19.12,17.37,8.43,1.54,3.09,17.0,14.28,3.12,2.48,5.62,0.15,-0.02,0.41,0.38,1.14,69,59,25.7,3.64,6.2,0.58,0.0,0.01,0.04,3.64,6.15,0.58,0.58,1.45,2.78,0.52,3.67,4.5,8.16,1.55,0.84,0.93,1.43,2.31,8.73,Star
Steven Hunter,C-PF,12.32,0.54,0.0,0.59,9.64,15.25,12.42,1.56,0.4,5.15,13.02,14.95,0.7,0.62,1.32,0.07,-2.66,-0.61,-3.28,-0.06,50,16,13.26,1.62,2.98,0.53,0.0,0.0,0.0,1.62,2.98,0.53,0.53,0.8,1.68,0.47,1.1,1.76,2.84,0.16,0.12,0.92,0.56,1.49,4.05,Bust
Taj Gibson,PF,13.88,0.55,0.08,0.25,9.67,16.8,13.23,6.58,1.14,3.3,12.14,15.52,1.54,1.7,3.24,0.11,-1.86,0.32,-1.56,0.32,55,27,20.6,3.08,5.98,0.51,0.08,0.26,0.26,3.0,5.72,0.53,0.52,1.14,1.6,0.74,1.84,3.19,5.03,0.86,0.47,0.84,0.91,2.19,7.38,Starter
Taurean Prince,SF,10.96,0.56,0.52,0.2,2.02,13.95,8.05,9.95,1.61,1.68,12.95,18.05,0.18,1.28,1.46,0.05,-1.85,-0.16,-2.02,-0.02,57,32,23.74,3.39,8.03,0.42,1.61,4.22,0.38,1.77,3.82,0.47,0.52,1.29,1.57,0.82,0.45,3.06,3.49,1.66,0.78,0.43,1.3,2.02,9.69,Role Player
Terrence Ross,SG-SF,12.09,0.54,0.52,0.13,1.63,11.37,6.46,8.83,1.68,1.08,8.62,19.54,0.77,1.25,2.01,0.07,-0.85,-0.34,-1.22,0.36,58,15,24.33,3.93,9.37,0.42,1.75,4.87,0.36,2.2,4.48,0.49,0.51,1.07,1.27,0.82,0.33,2.45,2.79,1.37,0.83,0.32,0.95,1.73,10.69,Starter
Terry Rozier,PG-SG,14.18,0.52,0.44,0.17,2.92,13.03,7.93,20.56,1.56,0.81,9.72,22.49,1.34,1.53,2.88,0.07,0.31,-0.5,-0.21,0.98,60,37,28.15,5.35,12.67,0.41,2.05,5.7,0.35,3.31,6.95,0.45,0.48,1.91,2.29,0.83,0.66,3.2,3.86,3.82,0.93,0.25,1.41,1.47,14.7,Starter
Thaddeus Young,SF,16.31,0.55,0.13,0.17,8.83,14.97,11.82,12.2,2.59,1.22,11.91,18.73,1.62,1.79,3.42,0.11,0.01,0.57,0.59,0.98,58,35,25.28,4.61,9.15,0.52,0.38,1.2,0.27,4.22,7.96,0.54,0.54,1.04,1.63,0.6,1.84,3.31,5.13,1.82,1.27,0.35,1.27,1.99,10.66,Starter
Thomas Bryant,PF-C,17.47,0.63,0.29,0.3,8.31,22.22,15.31,7.28,0.86,3.52,8.93,17.53,1.56,0.73,2.3,0.15,0.17,-0.35,-0.17,0.49,38,15,16.48,3.18,5.52,0.54,0.5,1.44,0.34,2.67,4.08,0.64,0.59,1.23,1.57,0.78,1.28,3.34,4.59,0.82,0.29,0.64,0.63,1.55,8.05,Starter
Tim Hardaway Jr.,SG,13.04,0.55,0.54,0.21,1.3,10.32,5.81,10.65,1.12,0.41,7.38,21.88,1.55,1.02,2.54,0.07,0.02,-1.39,-1.36,0.32,63,35,27.9,4.91,11.91,0.41,2.29,6.43,0.35,2.63,5.49,0.48,0.51,2.11,2.59,0.82,0.34,2.63,2.97,1.91,0.64,0.14,1.06,1.69,14.23,Starter
T.J. Ford,PG,14.32,0.5,0.11,0.29,2.71,9.7,6.18,33.74,2.17,0.42,19.9,21.35,0.81,1.27,2.11,0.06,-0.7,-0.09,-0.77,0.59,54,38,25.5,3.82,8.82,0.43,0.26,0.95,0.26,3.56,7.88,0.45,0.44,2.09,2.56,0.8,0.64,2.19,2.82,5.35,1.06,0.12,2.25,2.14,9.95,Role Player
TJ McConnell,PG,15.87,0.55,0.11,0.11,2.92,12.28,7.61,34.12,2.66,0.78,18.37,17.54,1.6,1.63,3.2,0.1,-0.38,0.84,0.44,0.87,71,10,21.3,3.45,6.68,0.51,0.26,0.73,0.34,3.19,5.95,0.53,0.53,0.59,0.76,0.78,0.56,2.38,2.94,5.02,1.21,0.2,1.57,1.42,7.73,Starter
T.J. Warren,SF,14.35,0.55,0.2,0.15,4.79,12.45,8.63,7.61,1.56,1.29,7.05,20.21,1.31,0.72,2.0,0.08,-1.03,-0.57,-1.61,0.37,39,21,23.17,4.9,9.78,0.49,0.57,1.83,0.28,4.34,7.94,0.54,0.52,1.37,1.74,0.75,0.96,2.48,3.45,1.07,0.75,0.35,0.81,2.13,11.75,Role Player
Tobias Harris,SF-PF,16.37,0.56,0.28,0.23,3.8,18.01,10.9,11.23,1.22,1.5,9.32,21.53,2.58,1.87,4.46,0.12,1.04,-0.22,0.81,1.4,57,51,31.05,6.03,12.7,0.47,1.34,3.66,0.36,4.68,9.05,0.52,0.52,2.4,2.9,0.83,1.02,5.11,6.15,2.27,0.76,0.56,1.39,2.03,15.82,Star
Toney Douglas,PG,11.83,0.5,0.46,0.18,3.04,10.77,6.9,18.11,2.38,0.5,13.71,18.82,0.68,0.62,1.3,0.07,-1.71,0.42,-1.27,0.23,43,7,17.18,2.32,5.88,0.39,0.91,2.7,0.32,1.42,3.18,0.45,0.47,0.84,1.03,0.8,0.47,1.59,2.03,2.03,0.82,0.08,0.98,1.86,6.41,Role Player
Tony Allen,SG,13.91,0.53,0.09,0.36,6.41,11.89,9.16,9.75,3.26,1.5,15.59,19.06,0.65,2.11,2.78,0.1,-1.81,1.76,-0.05,0.74,59,32,21.57,3.14,6.53,0.48,0.15,0.57,0.26,2.96,5.98,0.5,0.49,1.66,2.34,0.69,1.2,2.21,3.41,1.29,1.36,0.41,1.39,2.35,8.07,Starter
Tony Snell,SF-SG,8.44,0.57,0.63,0.08,1.7,10.49,6.11,6.76,1.0,0.94,9.49,11.81,0.91,0.82,1.71,0.06,-2.05,-0.4,-2.44,-0.05,59,29,20.67,2.08,4.83,0.43,1.15,2.97,0.39,0.91,1.84,0.5,0.55,0.37,0.43,0.9,0.29,1.92,2.22,1.02,0.42,0.23,0.52,1.43,5.68,Role Player
Trenton Hassell,SG-SF,7.2,0.48,0.07,0.17,3.85,9.34,6.61,9.73,0.91,1.0,13.56,11.66,0.41,0.86,1.27,0.03,-3.3,-0.33,-3.63,-0.39,64,39,22.44,2.06,4.67,0.44,0.11,0.38,0.23,1.95,4.29,0.45,0.45,0.69,0.94,0.74,0.75,1.78,2.55,1.5,0.38,0.34,0.81,1.99,4.95,Bust
Trevor Ariza,SG-SF,12.87,0.53,0.4,0.31,4.58,15.47,10.02,10.78,2.44,1.01,12.57,15.96,1.08,1.68,2.77,0.09,-0.67,0.97,0.3,0.92,51,34,26.93,3.23,7.63,0.43,1.2,3.46,0.29,2.02,4.15,0.49,0.5,1.48,2.03,0.73,0.92,3.61,4.53,2.0,1.3,0.32,1.21,1.84,9.13,Starter
Trevor Booker,PF,14.95,0.55,0.08,0.27,10.93,19.17,15.05,8.88,1.51,1.88,13.19,16.09,1.31,1.35,2.65,0.12,-0.72,0.15,-0.57,0.41,55,15,19.69,2.88,5.59,0.52,0.15,0.45,0.22,2.75,5.15,0.54,0.53,0.95,1.49,0.67,1.91,3.45,5.35,1.11,0.59,0.45,0.98,1.96,6.85,Starter
Trey Burke,PG,14.66,0.52,0.35,0.16,2.08,7.24,4.66,23.69,1.42,0.41,9.67,22.74,0.77,0.48,1.25,0.08,0.42,-1.32,-0.89,0.18,45,11,19.51,3.65,8.57,0.43,1.09,3.02,0.37,2.55,5.55,0.46,0.49,1.11,1.36,0.81,0.36,1.32,1.68,2.92,0.57,0.1,0.97,1.18,9.49,Role Player
Trey Lyles,PF,13.63,0.56,0.46,0.27,5.32,21.09,13.13,8.34,1.03,1.59,9.91,18.18,1.04,1.08,2.14,0.09,-0.38,-0.62,-1.02,0.3,60,13,18.77,2.8,6.25,0.45,0.97,2.81,0.35,1.85,3.47,0.54,0.53,1.34,1.77,0.74,0.93,3.54,4.47,1.08,0.39,0.33,0.8,1.39,7.91,Role Player
Tristan Thompson,PF,14.66,0.54,0.01,0.41,13.78,22.06,17.91,6.36,0.91,2.17,12.56,15.88,1.99,1.21,3.18,0.1,-1.16,-1.28,-2.44,0.05,55,30,22.26,3.15,6.01,0.53,0.01,0.05,0.16,3.14,5.96,0.53,0.53,1.38,2.41,0.53,2.77,4.31,7.06,0.92,0.42,0.57,1.0,1.99,7.66,Role Player
Troy Murphy,PF,13.38,0.52,0.27,0.28,6.71,22.42,14.51,8.38,1.35,1.14,11.54,16.87,1.88,1.58,3.44,0.1,-0.75,0.07,-0.67,0.73,52,33,24.33,3.32,7.57,0.43,0.71,1.94,0.32,2.61,5.64,0.47,0.47,1.72,2.24,0.76,1.54,5.02,6.55,1.35,0.62,0.41,1.06,2.36,9.09,Starter
Ty Lawson,PG,15.68,0.54,0.25,0.32,2.54,8.2,5.37,30.7,1.97,0.26,16.33,18.91,3.27,1.04,4.3,0.11,0.94,-0.63,0.3,1.3,62,36,27.39,4.04,8.94,0.45,0.79,2.21,0.36,3.27,6.72,0.48,0.49,2.33,3.05,0.73,0.59,2.01,2.6,5.59,1.08,0.1,1.94,1.54,11.22,Starter
Tyler Zeller,PF-C,15.22,0.5,0.06,0.3,17.12,20.28,18.65,7.19,0.58,2.33,9.38,19.4,1.05,0.65,1.68,0.1,-2.01,-2.78,-4.78,0.02,40,17,14.88,2.41,4.73,0.46,0.03,0.16,0.09,2.38,4.56,0.47,0.47,1.25,1.62,0.75,1.58,2.45,4.01,0.72,0.21,0.48,0.66,2.14,6.11,Bust
Tyreke Evans,PG-SG,16.66,0.51,0.23,0.29,2.79,14.84,8.73,26.11,2.08,0.98,13.92,25.85,1.24,1.2,2.43,0.07,0.88,-0.12,0.76,1.12,53,36,28.66,5.48,12.66,0.43,0.96,2.79,0.32,4.53,9.85,0.46,0.47,2.81,3.7,0.76,0.73,3.66,4.38,4.52,1.18,0.36,2.32,2.07,14.74,Starter
Tyrus Thomas,PF-SF,16.39,0.55,0.01,0.56,6.98,18.68,12.82,9.03,2.03,4.6,13.14,20.41,-0.08,1.64,1.55,0.11,-1.54,2.2,0.66,0.25,46,13,18.37,2.74,6.18,0.49,0.01,0.09,0.13,2.73,6.09,0.49,0.49,1.87,2.53,0.76,1.21,3.28,4.48,0.83,0.78,1.21,1.23,2.21,7.37,Starter
Tyson Chandler,SF-PF,14.99,0.63,0.0,0.69,12.1,25.52,18.75,4.86,1.04,3.13,19.33,12.56,2.73,2.23,4.97,0.14,-1.02,0.44,-0.6,0.8,58,42,25.25,2.75,4.62,0.6,0.0,0.0,0.0,2.75,4.61,0.61,0.6,1.9,2.96,0.63,2.8,5.64,8.42,0.79,0.5,1.01,1.33,2.7,7.4,Starter
Tyus Jones,PG,14.7,0.53,0.38,0.15,1.41,8.91,5.15,28.51,2.35,0.4,11.22,15.71,2.35,1.03,3.39,0.11,0.14,0.19,0.35,0.92,68,22,20.73,2.88,6.53,0.44,0.94,2.58,0.36,1.92,3.96,0.48,0.51,0.73,0.88,0.82,0.27,1.69,1.96,4.34,0.97,0.11,0.8,0.75,7.46,Starter
Udonis Haslem,PF,12.54,0.52,0.1,0.26,7.25,24.23,15.9,4.9,0.86,0.98,10.77,16.04,1.16,1.4,2.54,0.09,-1.97,-0.44,-2.43,-0.0,44,25,18.84,2.36,4.94,0.47,0.04,0.25,0.11,2.33,4.7,0.49,0.48,1.03,1.37,0.74,1.32,3.78,5.1,0.62,0.34,0.22,0.7,1.9,5.83,Role Player
Victor Oladipo,SG,14.77,0.53,0.38,0.26,1.83,13.89,7.83,20.45,2.32,1.13,13.98,25.82,0.48,1.54,2.0,0.05,-0.55,-0.04,-0.61,0.84,41,33,30.92,6.02,14.18,0.42,1.82,5.32,0.34,4.22,8.85,0.48,0.49,2.78,3.64,0.76,0.52,3.89,4.37,3.95,1.48,0.4,2.48,2.37,16.62,Starter
Wayne Ellington,SG,11.07,0.55,0.6,0.11,1.56,9.63,5.52,8.38,1.42,0.36,8.33,16.76,0.96,0.61,1.58,0.07,-0.6,-0.66,-1.26,0.21,53,16,20.96,2.89,7.05,0.41,1.65,4.34,0.38,1.25,2.73,0.47,0.53,0.66,0.79,0.85,0.29,1.78,2.05,1.15,0.61,0.08,0.66,1.2,8.11,Role Player
Wesley Johnson,SF,8.56,0.48,0.5,0.13,2.59,13.04,7.8,6.37,1.57,2.27,11.04,14.76,-0.01,0.97,0.98,0.02,-2.71,-0.01,-2.71,0.09,59,32,20.03,2.3,5.85,0.38,0.91,2.75,0.32,1.38,3.12,0.44,0.46,0.55,0.75,0.71,0.49,2.33,2.82,0.93,0.65,0.57,0.77,1.82,6.08,Bust
Will Barton,SG-SF,12.65,0.51,0.36,0.19,2.93,14.58,8.74,14.58,1.67,1.31,11.55,20.07,0.83,1.04,1.87,0.06,-0.93,-0.19,-1.13,0.49,53,19,22.49,3.61,8.51,0.41,1.15,3.26,0.32,2.47,5.27,0.45,0.48,1.35,1.73,0.79,0.6,3.01,3.59,2.33,0.71,0.35,1.22,1.43,9.71,Starter
Will Bynum,PG-SG,12.61,0.48,0.15,0.28,2.34,7.89,5.0,30.4,1.99,0.42,17.58,24.22,0.45,0.41,0.86,0.02,-2.3,-1.48,-3.78,-0.01,45,4,16.41,2.7,6.31,0.42,0.21,0.88,0.22,2.5,5.42,0.46,0.43,1.42,1.82,0.74,0.31,1.1,1.42,2.96,0.62,0.08,1.46,1.7,7.0,Bust
Willie Green,SG-PG,10.62,0.5,0.29,0.16,1.83,8.66,5.24,10.95,1.36,0.54,10.81,21.08,0.21,0.86,1.08,0.04,-1.96,-1.07,-3.01,-0.22,61,25,19.47,3.18,7.49,0.42,0.72,2.02,0.36,2.44,5.48,0.44,0.48,0.92,1.2,0.77,0.32,1.42,1.73,1.31,0.51,0.15,0.97,1.68,8.0,Role Player
Zach LaVine,PG,16.93,0.59,0.39,0.26,1.41,12.56,6.95,19.4,1.29,0.7,12.9,26.65,2.16,1.1,3.27,0.08,1.81,-1.38,0.41,1.25,56,49,33.31,7.53,15.99,0.47,2.49,6.3,0.39,5.05,9.7,0.52,0.54,3.57,4.28,0.83,0.42,3.74,4.18,3.95,0.87,0.26,2.61,2.07,21.13,Starter
